Workbook

Sheet nzcathist
B1: Year | C1: Quarter | D1: Date | E1: FirstDay | F1: Event | G1: Type | H1: Location | I1: OriginalCost | J1: NormCost2011 | K1: NormCost2014 | L1: Cities | M1: exposure
A2: 1 | B2: 2014 | C2: 4 | D2: 46300 | E2: 41917 | F2: Auckland Power Outage | G2: Power outage | H2: Auckland | I2: 2 | J2: NA | K2: 2 | L2: Auckland,Pukekohe | M2: {=SUM( IFERROR( _xlfn.XLOOKUP( TRIM(_xlfn.TEXTSPLIT(nzcathist!L2, ",")), Sheet1!$A$2:$A$62, INDEX(Sheet1!$B$2:$AY$62, , MATCH(nzcathist!B2, Sheet1!$B$1:$AY$1, 0)) ), 0 ) )} -> 1418385.1
A3: 2 | B3: 2014 | C3: 2 | D3: 46198 | E3: 41815 | F3: Nelson-Tasman Floods | G3: Flood | H3: Nelson, Tasman | I3: 2.7 | J3: NA | K3: 2.72 | L3: Nelson,Blenheim,Greymouth,Westport,Hokitika,Christchurch,Ashburton,Rangiora,Timaru,Waimate,Temuka | M3: {=SUM( IFERROR( _xlfn.XLOOKUP( TRIM(_xlfn.TEXTSPLIT(nzcathist!L3, ",")), Sheet1!$A$2:$A$62, INDEX(Sheet1!$B$2:$AY$62, , MATCH(nzcathist!B3, Sheet1!$B$1:$AY$1, 0)) ), 0 ) )} -> 553504.91
A4: 3 | B4: 2014 | C4: 2 | D4: 9-11Jun | E4: 41799 | F4: Severe Weather North and South Islands | G4: Weather | H4: North and South Islands | I4: 37.6 | J4: NA | K4: 37.85 | L4: Nationwide | M4: {=SUM( IFERROR( _xlfn.XLOOKUP( TRIM(_xlfn.TEXTSPLIT(nzcathist!L4, ",")), Sheet1!$A$2:$A$62, INDEX(Sheet1!$B$2:$AY$62, , MATCH(nzcathist!B4, Sheet1!$B$1:$AY$1, 0)) ), 0 ) )} -> 4567520
A5: 4 | B5: 2014 | C5: 2 | D5: 46129 | E5: 41746 | F5: Easter Weekend Storm and Floods | G5: Flood, Storm | H5: NA | I5: 55.3 | J5: NA | K5: 55.67 | L5: Nationwide | M5: {=SUM( IFERROR( _xlfn.XLOOKUP( TRIM(_xlfn.TEXTSPLIT(nzcathist!L5, ",")), Sheet1!$A$2:$A$62, INDEX(Sheet1!$B$2:$AY$62, , MATCH(nzcathist!B5, Sheet1!$B$1:$AY$1, 0)) ), 0 ) )} -> 4567520
A6: 5 | B6: 2014 | C6: 1 | D6: 15-16Mar | E6: 41713 | F6: Cyclone Lusi | G6: Cyclone | H6: NA | I6: 3.6 | J6: NA | K6: 3.63 | L6: Nationwide | M6: {=SUM( IFERROR( _xlfn.XLOOKUP( TRIM(_xlfn.TEXTSPLIT(nzcathist!L6, ",")), Sheet1!$A$2:$A$62, INDEX(Sheet1!$B$2:$AY$62, , MATCH(nzcathist!B6, Sheet1!$B$1:$AY$1, 0)) ), 0 ) )} -> 4567520
A7: 6 | B7: 2014 | C7: 1 | D7: 46076 | E7: 41693 | F7: Canterbury storm | G7: Storm | H7: Canterbury | I7: 4.8 | J7: NA | K7: 4.84 | L7: Christchurch,Ashburton,Timaru,Rangiora,Waimate,Temuka,Greymouth,Westport,Hokitika,Dunedin,Balclutha,Milton,Kaitangata | M7: {=SUM( IFERROR( _xlfn.XLOOKUP( TRIM(_xlfn.TEXTSPLIT(nzcathist!L7, ",")), Sheet1!$A$2:$A$62, INDEX(Sheet1!$B$2:$AY$62, , MATCH(nzcathist!B7, Sheet1!$B$1:$AY$1, 0)) ), 0 ) )} -> 577492.88
A8: 7 | B8: 2014 | C8: 1 | D8: 4-5Mar | E8: 41702 | F8: Canterbury and Lower North Island storm | G8: Storm | H8: Canterbury and Lower North Island | I8: 22.5 | J8: NA | K8: 22.71 | L8: Christchurch,Ashburton,Timaru,Rangiora,Waimate,Temuka,Wellington,Masterton,Carterton,Kapiti,Foxton,Palmerston North,Fielding,Marton,Wanganui | M8: {=SUM( IFERROR( _xlfn.XLOOKUP( TRIM(_xlfn.TEXTSPLIT(nzcathist!L8, ",")), Sheet1!$A$2:$A$62, INDEX(Sheet1!$B$2:$AY$62, , MATCH(nzcathist!B8, Sheet1!$B$1:$AY$1, 0)) ), 0 ) )} -> 1027982.1
A9: 8 | B9: 2013 | C9: 4 | D9: 14-16Oct | E9: 41592 | F9: Nationwide storm | G9: Storm | H9: Nationwide | I9: 12.4 | J9: NA | K9: 12.56 | L9: Nationwide | M9: {=SUM( IFERROR( _xlfn.XLOOKUP( TRIM(_xlfn.TEXTSPLIT(nzcathist!L9, ",")), Sheet1!$A$2:$A$62, INDEX(Sheet1!$B$2:$AY$62, , MATCH(nzcathist!B9, Sheet1!$B$1:$AY$1, 0)) ), 0 ) )} -> 4518520
A10: 9 | B10: 2013 | C10: 3 | D10: 11-12Sep | E10: 41528 | F10: Nationwide storm | G10: Storm | H10: Nationwide | I10: 74.5 | J10: NA | K10: 75.5 | L10: Nationwide | M10: {=SUM( IFERROR( _xlfn.XLOOKUP( TRIM(_xlfn.TEXTSPLIT(nzcathist!L10, ",")), Sheet1!$A$2:$A$62, INDEX(Sheet1!$B$2:$AY$62, , MATCH(nzcathist!B10, Sheet1!$B$1:$AY$1, 0)) ), 0 ) )} -> 4518520
A11: 10 | B11: 2013 | C11: 3 | D11: 46250 | E11: 41502 | F11: Cook Strait earthquake | G11: Earthquake | H11: Cook Strait | I11: 16.2 | J11: NA | K11: 16.42 | L11: Wellington,Masterton,Carterton,Kapiti,Foxton,Nelson,Blenheim,Christchurch,Ashburton,Rangiora | M11: {=SUM( IFERROR( _xlfn.XLOOKUP( TRIM(_xlfn.TEXTSPLIT(nzcathist!L11, ",")), Sheet1!$A$2:$A$62, INDEX(Sheet1!$B$2:$AY$62, , MATCH(nzcathist!B11, Sheet1!$B$1:$AY$1, 0)) ), 0 ) )} -> 947329.58
A12: 11 | B12: 2013 | C12: 3 | D12: 46224 | E12: 41476 | F12: Cook Strait earthquake | G12: Earthquake | H12: Cook Strait | I12: 14.9 | J12: NA | K12: 15.1 | L12: Wellington,Masterton,Carterton,Kapiti,Foxton,Nelson,Blenheim,Christchurch,Ashburton,Rangiora | M12: {=SUM( IFERROR( _xlfn.XLOOKUP( TRIM(_xlfn.TEXTSPLIT(nzcathist!L12, ",")), Sheet1!$A$2:$A$62, INDEX(Sheet1!$B$2:$AY$62, , MATCH(nzcathist!B12, Sheet1!$B$1:$AY$1, 0)) ), 0 ) )} -> 947329.58
A13: 12 | B13: 2013 | C13: 2 | D13: 20-22Jun | E13: 41445 | F13: Nationwide storms | G13: Storm | H13: Nationwide | I13: 39.3 | J13: NA | K13: 40.2 | L13: Nationwide | M13: {=SUM( IFERROR( _xlfn.XLOOKUP( TRIM(_xlfn.TEXTSPLIT(nzcathist!L13, ",")), Sheet1!$A$2:$A$62, INDEX(Sheet1!$B$2:$AY$62, , MATCH(nzcathist!B13, Sheet1!$B$1:$AY$1, 0)) ), 0 ) )} -> 4518520
A14: 13 | B14: 2013 | C14: 2 | D14: 4-7May | E14: 41429 | F14: North Island Floodsn | G14: Flood | H14: North Island | I14: 2.9 | J14: NA | K14: 2.97 | L14: Whangarei,Dargaville,Auckland,Pukekohe,Hamilton,Cambridge,Huntly,Te Awamutu,Te Kuiti,Tokoroa,Morrinsville,Waihi,Tauranga,Rotorua,Whakatane,Gisborne,Napier,Hastings,Wairoa,Waipukurau,Dannevirke,New Plymouth,Hawera,Waitara,Stratford,Eltham,Wanganui,Palmerston North,Fielding,Marton,Ohakune,Taumaranui,Wellington,Masterton,Carterton,Kapiti,Foxton | M14: {=SUM( IFERROR( _xlfn.XLOOKUP( TRIM(_xlfn.TEXTSPLIT(nzcathist!L14, ",")), Sheet1!$A$2:$A$62, INDEX(Sheet1!$B$2:$AY$62, , MATCH(nzcathist!B14, Sheet1!$B$1:$AY$1, 0)) ), 0 ) )} -> 2726947.1
A15: 14 | B15: 2013 | C15: 2 | D15: 19-22Apr | E15: 41383 | F15: Nelson,Bay of Plenty storm and floods | G15: Flood, Storm | H15: Nelson,Bay of Plenty | I15: 46.2 | J15: NA | K15: 47.26 | L15: Nelson,Blenheim,Tauranga,Rotorua,Whakatane | M15: {=SUM( IFERROR( _xlfn.XLOOKUP( TRIM(_xlfn.TEXTSPLIT(nzcathist!L15, ",")), Sheet1!$A$2:$A$62, INDEX(Sheet1!$B$2:$AY$62, , MATCH(nzcathist!B15, Sheet1!$B$1:$AY$1, 0)) ), 0 ) )} -> 292277.56
A16: 15 | B16: 2012 | C16: 4 | D16: 46362 | E16: 41249 | F16: Auckland Tornado | G16: Tornado | H16: Auckland | I16: 8.7 | J16: NA | K16: 8.95 | L16: Auckland,Pukekohe | M16: {=SUM( IFERROR( _xlfn.XLOOKUP( TRIM(_xlfn.TEXTSPLIT(nzcathist!L16, ",")), Sheet1!$A$2:$A$62, INDEX(Sheet1!$B$2:$AY$62, , MATCH(nzcathist!B16, Sheet1!$B$1:$AY$1, 0)) ), 0 ) )} -> 1368895.8
A17: 16 | B17: 2011 | C17: 1 | D17: 2010-2011 | E17: NA | F17: Canterbury Earthquake accumulated total | G17: Earthquake | H17: Canterbury | I17: 16500 | J17: NA | K17: 17320.68 | L17: Christchurch,Ashburton,Timaru,Rangiora,Waimate,Temuka,Nelson,Blenheim,Greymouth,Westport,Hokitika,Dunedin,Balclutha,Milton,Kaitangata | M17: {=SUM( IFERROR( _xlfn.XLOOKUP( TRIM(_xlfn.TEXTSPLIT(nzcathist!L17, ",")), Sheet1!$A$2:$A$62, INDEX(Sheet1!$B$2:$AY$62, , MATCH(nzcathist!B17, Sheet1!$B$1:$AY$1, 0)) ), 0 ) )} -> 657679.52
A18: 17 | B18: 2011 | C18: 1 | D18: 46051 | E18: 40572 | F18: Nelson,Bay of Plenty storm and floods | G18: Flood, Storm | H18: Nelson,Bay of Plenty | I18: 19.8 | J18: 20.11 | K18: 20.78 | L18: Nelson,Blenheim,Tauranga,Rotorua,Whakatane | M18: {=SUM( IFERROR( _xlfn.XLOOKUP( TRIM(_xlfn.TEXTSPLIT(nzcathist!L18, ",")), Sheet1!$A$2:$A$62, INDEX(Sheet1!$B$2:$AY$62, , MATCH(nzcathist!B18, Sheet1!$B$1:$AY$1, 0)) ), 0 ) )} -> 284114.79
A19: 18 | B19: 2011 | C19: 2 | D19: 26-27Apr | E19: 40659 | F19: Flooding, Hawkes Bay | G19: Flood | H19: Hawkes Bay | I19: 6.4 | J19: 6.45 | K19: 6.65 | L19: Napier,Hastings,Wairoa,Waipukurau,Dannevirke | M19: {=SUM( IFERROR( _xlfn.XLOOKUP( TRIM(_xlfn.TEXTSPLIT(nzcathist!L19, ",")), Sheet1!$A$2:$A$62, INDEX(Sheet1!$B$2:$AY$62, , MATCH(nzcathist!B19, Sheet1!$B$1:$AY$1, 0)) ), 0 ) )} -> 132934.02
A20: 19 | B20: 2011 | C20: 1 | D20: 46045 | E20: 40566 | F20: Flooding Mid-Upper North Island | G20: Flood | H20: Mid-Upper North Island | I20: 6.9 | J20: 7.01 | K20: 7.24 | L20: Auckland,Pukekohe,Hamilton,Cambridge,Huntly,Te Awamutu,Te Kuiti,Tokoroa,Morrinsville,Waihi,Tauranga,Rotorua,Whakatane | M20: {=SUM( IFERROR( _xlfn.XLOOKUP( TRIM(_xlfn.TEXTSPLIT(nzcathist!L20, ",")), Sheet1!$A$2:$A$62, INDEX(Sheet1!$B$2:$AY$62, , MATCH(nzcathist!B20, Sheet1!$B$1:$AY$1, 0)) ), 0 ) )} -> 1790879.8
A21: 20 | B21: 2011 | C21: 2 | D21: 46192 | E21: 40713 | F21: Taranaki tornados | G21: Tornado | H21: Taranaki | I21: 1.6 | J21: 1.6 | K21: 1.66 | L21: New Plymouth,Hawera,Waitara,Stratford,Eltham | M21: {=SUM( IFERROR( _xlfn.XLOOKUP( TRIM(_xlfn.TEXTSPLIT(nzcathist!L21, ",")), Sheet1!$A$2:$A$62, INDEX(Sheet1!$B$2:$AY$62, , MATCH(nzcathist!B21, Sheet1!$B$1:$AY$1, 0)) ), 0 ) )} -> 70506.387
A22: 21 | B22: 2011 | C22: 4 | D22: 15-16Dec | E22: 40892 | F22: Nelson Floods | G22: Flood | H22: Nelson | I22: 16.8 | J22: 16.8 | K22: 17.45 | L22: Nelson,Blenheim,Greymouth,Westport,Hokitika,Christchurch,Ashburton,Rangiora,Timaru,Waimate,Temuka | M22: {=SUM( IFERROR( _xlfn.XLOOKUP( TRIM(_xlfn.TEXTSPLIT(nzcathist!L22, ",")), Sheet1!$A$2:$A$62, INDEX(Sheet1!$B$2:$AY$62, , MATCH(nzcathist!B22, Sheet1!$B$1:$AY$1, 0)) ), 0 ) )} -> 541329.39
A23: 22 | B23: 2011 | C23: 2 | D23: 46145 | E23: 40666 | F23: Auckland tornado | G23: Tornado | H23: Auckland | I23: 6 | J23: 6.04 | K23: 6.24 | L23: Auckland,Pukekohe | M23: {=SUM( IFERROR( _xlfn.XLOOKUP( TRIM(_xlfn.TEXTSPLIT(nzcathist!L23, ",")), Sheet1!$A$2:$A$62, INDEX(Sheet1!$B$2:$AY$62, , MATCH(nzcathist!B23, Sheet1!$B$1:$AY$1, 0)) ), 0 ) )} -> 1344806.8
A24: 23 | B24: 2010 | C24: 2 | D24: 24-27May | E24: 40322 | F24: Flooding North , South Islands | G24: Flood | H24: North, South Islands | I24: 5.5 | J24: 5.8 | K24: 6.02 | L24: Nationwide | M24: {=SUM( IFERROR( _xlfn.XLOOKUP( TRIM(_xlfn.TEXTSPLIT(nzcathist!L24, ",")), Sheet1!$A$2:$A$62, INDEX(Sheet1!$B$2:$AY$62, , MATCH(nzcathist!B24, Sheet1!$B$1:$AY$1, 0)) ), 0 ) )} -> 4370060
A25: 24 | B25: 2010 | C25: 3 | D25: 46283 | E25: 40439 | F25: Southland Storm | G25: Storm | H25: Southland | I25: 49.3 | J25: 51.46 | K25: 53.38 | L25: Invercargill,Gore,Bluff,Dunedin,Balclutha,Milton,Kaitangata | M25: {=SUM( IFERROR( _xlfn.XLOOKUP( TRIM(_xlfn.TEXTSPLIT(nzcathist!L25, ",")), Sheet1!$A$2:$A$62, INDEX(Sheet1!$B$2:$AY$62, , MATCH(nzcathist!B25, Sheet1!$B$1:$AY$1, 0)) ), 0 ) )} -> 173059.06
A26: 25 | B26: 2010 | C26: 4 | D26: 13,14Oct | E26: 40464 | F26: Gisborne Flooding | G26: Flood | H26: Gisborne | I26: 0.25 | J26: 0.26 | K26: 0.26 | L26: Gisborne | M26: {=SUM( IFERROR( _xlfn.XLOOKUP( TRIM(_xlfn.TEXTSPLIT(nzcathist!L26, ",")), Sheet1!$A$2:$A$62, INDEX(Sheet1!$B$2:$AY$62, , MATCH(nzcathist!B26, Sheet1!$B$1:$AY$1, 0)) ), 0 ) )} -> 32479.447
A27: 26 | B27: 2010 | C27: 1 | D27: 46093 | E27: 40249 | F27: Wellington Thunderstorm | G27: Storm | H27: Wellington | I27: 1.2 | J27: 1.27 | K27: 1.32 | L27: Wellington,Masterton,Carterton,Kapiti,Foxton,Palmerston North,Fielding,Marton,Wanganui | M27: {=SUM( IFERROR( _xlfn.XLOOKUP( TRIM(_xlfn.TEXTSPLIT(nzcathist!L27, ",")), Sheet1!$A$2:$A$62, INDEX(Sheet1!$B$2:$AY$62, , MATCH(nzcathist!B27, Sheet1!$B$1:$AY$1, 0)) ), 0 ) )} -> 569151.28
A28: 27 | B28: 2010 | C28: 2 | D28: 46174 | E28: 40330 | F28: Flooding - Northland,Coromandel,Eastern BOP | G28: Flood | H28: Northland,Coromandel,Eastern BOP | I28: 12.5 | J28: 13.18 | K28: 13.68 | L28: Whangarei,Dargaville,Thames,Tauranga,Rotorua,Whakatane | M28: {=SUM( IFERROR( _xlfn.XLOOKUP( TRIM(_xlfn.TEXTSPLIT(nzcathist!L28, ",")), Sheet1!$A$2:$A$62, INDEX(Sheet1!$B$2:$AY$62, , MATCH(nzcathist!B28, Sheet1!$B$1:$AY$1, 0)) ), 0 ) )} -> 246400.31
A29: 28 | B29: 2009 | C29: 3 | D29: 46224 | E29: 40015 | F29: Taranaki Tornado | G29: Tornado | H29: Taranaki | I29: 0.5 | J29: 0.53 | K29: 0.55 | L29: New Plymouth,Hawera,Waitara,Stratford,Eltham | M29: {=SUM( IFERROR( _xlfn.XLOOKUP( TRIM(_xlfn.TEXTSPLIT(nzcathist!L29, ",")), Sheet1!$A$2:$A$62, INDEX(Sheet1!$B$2:$AY$62, , MATCH(nzcathist!B29, Sheet1!$B$1:$AY$1, 0)) ), 0 ) )} -> 70880.32
A30: 29 | B30: 2009 | C30: 3 | D30: 46218 | E30: 40009 | F30: Fiordland Earthquake | G30: Earthquake | H30: Fiordland | I30: 1.5 | J30: 1.6 | K30: 1.65 | L30: Invercargill,Gore,Bluff,Dunedin,Balclutha,Milton,Kaitangata,Christchurch,Ashburton,Timaru,Rangiora | M30: {=SUM( IFERROR( _xlfn.XLOOKUP( TRIM(_xlfn.TEXTSPLIT(nzcathist!L30, ",")), Sheet1!$A$2:$A$62, INDEX(Sheet1!$B$2:$AY$62, , MATCH(nzcathist!B30, Sheet1!$B$1:$AY$1, 0)) ), 0 ) )} -> 596204.74
A31: 30 | B31: 2009 | C31: 3 | D31: 11,12Jul | E31: 40005 | F31: North Island Storms | G31: Storm | H31: North Island | I31: 1.7 | J31: 1.82 | K31: 1.87 | L31: Whangarei,Dargaville,Auckland,Pukekohe,Hamilton,Cambridge,Huntly,Te Awamutu,Te Kuiti,Tokoroa,Morrinsville,Waihi,Tauranga,Rotorua,Whakatane,Gisborne,Napier,Hastings,Wairoa,Waipukurau,Dannevirke,New Plymouth,Hawera,Waitara,Stratford,Eltham,Wanganui,Palmerston North,Fielding,Marton,Ohakune,Taumaranui,Wellington,Masterton,Carterton,Kapiti,Foxton | M31: {=SUM( IFERROR( _xlfn.XLOOKUP( TRIM(_xlfn.TEXTSPLIT(nzcathist!L31, ",")), Sheet1!$A$2:$A$62, INDEX(Sheet1!$B$2:$AY$62, , MATCH(nzcathist!B31, Sheet1!$B$1:$AY$1, 0)) ), 0 ) )} -> 2593729.9
A32: 31 | B32: 2009 | C32: 2 | D32: 46153 | E32: 39944 | F32: Bay of Plenty Hail Storm | G32: Hailstorm | H32: Bay of Plenty | I32: 2.3 | J32: 2.47 | K32: 2.56 | L32: Tauranga,Rotorua,Whakatane | M32: {=SUM( IFERROR( _xlfn.XLOOKUP( TRIM(_xlfn.TEXTSPLIT(nzcathist!L32, ",")), Sheet1!$A$2:$A$62, INDEX(Sheet1!$B$2:$AY$62, , MATCH(nzcathist!B32, Sheet1!$B$1:$AY$1, 0)) ), 0 ) )} -> 188834.12
A33: 32 | B33: 2009 | C33: 3 | D33: 46207 | E33: 39998 | F33: Kaitaia Tornado | G33: Tornado | H33: Kaitaia | I33: 0.01 | J33: 0.01 | K33: 0.01 | L33: Whangarei,Dargaville | M33: {=SUM( IFERROR( _xlfn.XLOOKUP( TRIM(_xlfn.TEXTSPLIT(nzcathist!L33, ",")), Sheet1!$A$2:$A$62, INDEX(Sheet1!$B$2:$AY$62, , MATCH(nzcathist!B33, Sheet1!$B$1:$AY$1, 0)) ), 0 ) )} -> 54238.146
A34: 33 | B34: 2008 | C34: 3 | D34: 30-Jul-1-Aug | E34: 39659 | F34: Nationwide Storms | G34: Storm | H34: Nationwide | I34: 46.3 | J34: 50.29 | K34: 51.72 | L34: Nationwide | M34: {=SUM( IFERROR( _xlfn.XLOOKUP( TRIM(_xlfn.TEXTSPLIT(nzcathist!L34, ",")), Sheet1!$A$2:$A$62, INDEX(Sheet1!$B$2:$AY$62, , MATCH(nzcathist!B34, Sheet1!$B$1:$AY$1, 0)) ), 0 ) )} -> 4278160
A35: 34 | B35: 2008 | C35: 3 | D35: 46260 | E35: 39686 | F35: Flooding Nth Canterbury and Marlborough | G35: Flood | H35: North Canterbury and Marlborough | I35: 0.8 | J35: 0.87 | K35: 0.89 | L35: Christchurch,Ashburton,Rangiora,Timaru,Waimate,Temuka,Nelson,Blenheim,Greymouth,Westport,Hokitika | M35: {=SUM( IFERROR( _xlfn.XLOOKUP( TRIM(_xlfn.TEXTSPLIT(nzcathist!L35, ",")), Sheet1!$A$2:$A$62, INDEX(Sheet1!$B$2:$AY$62, , MATCH(nzcathist!B35, Sheet1!$B$1:$AY$1, 0)) ), 0 ) )} -> 529496.04
A36: 35 | B36: 2008 | C36: 3 | D36: 26-27-Jul | E36: 39655 | F36: North Island Storms | G36: Storm | H36: North Island | I36: 26.7 | J36: 29.02 | K36: 29.82 | L36: Whangarei,Dargaville,Auckland,Pukekohe,Hamilton,Cambridge,Huntly,Te Awamutu,Te Kuiti,Tokoroa,Morrinsville,Waihi,Tauranga,Rotorua,Whakatane,Gisborne,Napier,Hastings,Wairoa,Waipukurau,Dannevirke,New Plymouth,Hawera,Waitara,Stratford,Eltham,Wanganui,Palmerston North,Fielding,Marton,Ohakune,Taumaranui,Wellington,Masterton,Carterton,Kapiti,Foxton | M36: {=SUM( IFERROR( _xlfn.XLOOKUP( TRIM(_xlfn.TEXTSPLIT(nzcathist!L36, ",")), Sheet1!$A$2:$A$62, INDEX(Sheet1!$B$2:$AY$62, , MATCH(nzcathist!B36, Sheet1!$B$1:$AY$1, 0)) ), 0 ) )} -> 2561885.8
A37: 36 | B37: 2008 | C37: 3 | D37: 46259 | E37: 39685 | F37: Hastings Earthquake | G37: Earthquake | H37: Hastings | I37: 0.23 | J37: 0.25 | K37: 0.26 | L37: Hastings,Napier,Wairoa,Waipukurau,Dannevirke | M37: {=SUM( IFERROR( _xlfn.XLOOKUP( TRIM(_xlfn.TEXTSPLIT(nzcathist!L37, ",")), Sheet1!$A$2:$A$62, INDEX(Sheet1!$B$2:$AY$62, , MATCH(nzcathist!B37, Sheet1!$B$1:$AY$1, 0)) ), 0 ) )} -> 131813.47
A38: 37 | B38: 2008 | C38: 4 | D38: 46312 | E38: 39738 | F38: Cambridge Tornado | G38: Tornado | H38: Cambridge | I38: 1.03 | J38: 1.11 | K38: 1.16 | L38: Cambridge,Hamilton,Huntly,Te Awamutu,Morrinsville,Tokoroa | M38: {=SUM( IFERROR( _xlfn.XLOOKUP( TRIM(_xlfn.TEXTSPLIT(nzcathist!L38, ",")), Sheet1!$A$2:$A$62, INDEX(Sheet1!$B$2:$AY$62, , MATCH(nzcathist!B38, Sheet1!$B$1:$AY$1, 0)) ), 0 ) )} -> 235809.38
A39: 38 | B39: 2008 | C39: 4 | D39: 46343 | E39: 39769 | F39: Canterbury hail storm | G39: Hailstorm | H39: Canterbury | I39: 11.2 | J39: 12.07 | K39: 12.57 | L39: Christchurch,Ashburton,Timaru,Rangiora,Waimate,Temuka,Greymouth,Westport,Hokitika | M39: {=SUM( IFERROR( _xlfn.XLOOKUP( TRIM(_xlfn.TEXTSPLIT(nzcathist!L39, ",")), Sheet1!$A$2:$A$62, INDEX(Sheet1!$B$2:$AY$62, , MATCH(nzcathist!B39, Sheet1!$B$1:$AY$1, 0)) ), 0 ) )} -> 442911.58
A40: 39 | B40: 2007 | C40: 1 | D40: 46110 | E40: 39170 | F40: Storm event - Far North | G40: Storm | H40: Far North | I40: 12.5 | J40: 14.33 | K40: 14.89 | L40: Whangarei,Dargaville | M40: {=SUM( IFERROR( _xlfn.XLOOKUP( TRIM(_xlfn.TEXTSPLIT(nzcathist!L40, ",")), Sheet1!$A$2:$A$62, INDEX(Sheet1!$B$2:$AY$62, , MATCH(nzcathist!B40, Sheet1!$B$1:$AY$1, 0)) ), 0 ) )} -> 53615.665
A41: 40 | B41: 2007 | C41: 2 | D41: 46165 | E41: 39225 | F41: Flooding - Nelson , New Plymouth | G41: Flood | H41: Nelson , New Plymouth | I41: 1.1 | J41: 1.25 | K41: 1.3 | L41: Nelson,Blenheim,New Plymouth,Hawera,Waitara,Stratford,Eltham | M41: {=SUM( IFERROR( _xlfn.XLOOKUP( TRIM(_xlfn.TEXTSPLIT(nzcathist!L41, ",")), Sheet1!$A$2:$A$62, INDEX(Sheet1!$B$2:$AY$62, , MATCH(nzcathist!B41, Sheet1!$B$1:$AY$1, 0)) ), 0 ) )} -> 156996.11
A42: 41 | B42: 2007 | C42: 4 | D42: 23-24-Oct | E42: 39378 | F42: High Winds Event, Central North and Lower South Islands | G42: Other | H42: Central North and Lower South Islands | I42: 4.8 | J42: 5.41 | K42: 5.57 | L42: Palmerston North,Fielding,Marton,Wanganui,Ohakune,Taumaranui,Wellington,Masterton,Carterton,Kapiti,Foxton,Nelson,Blenheim,Christchurch,Ashburton,Rangiora,Timaru,Waimate,Temuka | M42: {=SUM( IFERROR( _xlfn.XLOOKUP( TRIM(_xlfn.TEXTSPLIT(nzcathist!L42, ",")), Sheet1!$A$2:$A$62, INDEX(Sheet1!$B$2:$AY$62, , MATCH(nzcathist!B42, Sheet1!$B$1:$AY$1, 0)) ), 0 ) )} -> 1073764.7
A43: 42 | B43: 2007 | C43: 4 | D43: 46376 | E43: 39436 | F43: Gisborne earthquake | G43: Earthquake | H43: Gisborne | I43: 30.5 | J43: 34.11 | K43: 35.38 | L43: Gisborne,Napier,Hastings,Wairoa,Waipukurau,Dannevirke | M43: {=SUM( IFERROR( _xlfn.XLOOKUP( TRIM(_xlfn.TEXTSPLIT(nzcathist!L43, ",")), Sheet1!$A$2:$A$62, INDEX(Sheet1!$B$2:$AY$62, , MATCH(nzcathist!B43, Sheet1!$B$1:$AY$1, 0)) ), 0 ) )} -> 163964.37
A44: 43 | B44: 2007 | C44: 3 | D44: 46220 | E44: 39280 | F44: Flooding Hawkes Bay | G44: Flood | H44: Hawkes Bay | I44: 1.1 | J44: 1.25 | K44: 1.29 | L44: Napier,Hastings,Wairoa,Waipukurau,Dannevirke | M44: {=SUM( IFERROR( _xlfn.XLOOKUP( TRIM(_xlfn.TEXTSPLIT(nzcathist!L44, ",")), Sheet1!$A$2:$A$62, INDEX(Sheet1!$B$2:$AY$62, , MATCH(nzcathist!B44, Sheet1!$B$1:$AY$1, 0)) ), 0 ) )} -> 131447.76
A45: 44 | B45: 2007 | C45: 3 | D45: 10-12-Jul | E45: 39273 | F45: Storm event - Far North , Auckland , Coromandel | G45: Storm | H45: Far North , Auckland , Coromandel | I45: 60.5 | J45: 68.65 | K45: 71.01 | L45: Whangarei,Dargaville,Auckland,Pukekohe,Thames | M45: {=SUM( IFERROR( _xlfn.XLOOKUP( TRIM(_xlfn.TEXTSPLIT(nzcathist!L45, ",")), Sheet1!$A$2:$A$62, INDEX(Sheet1!$B$2:$AY$62, , MATCH(nzcathist!B45, Sheet1!$B$1:$AY$1, 0)) ), 0 ) )} -> 1306258.1
A46: 45 | B46: 2007 | C46: 3 | D46: 7-9-Jul | E46: 39270 | F46: Frost claims - Otago , Canterbury | G46: Other | H46: Otago , Canterbury | I46: 7 | J46: 7.94 | K46: 8.22 | L46: Dunedin,Balclutha,Milton,Kaitangata,Christchurch,Ashburton,Timaru,Rangiora,Waimate,Temuka | M46: {=SUM( IFERROR( _xlfn.XLOOKUP( TRIM(_xlfn.TEXTSPLIT(nzcathist!L46, ",")), Sheet1!$A$2:$A$62, INDEX(Sheet1!$B$2:$AY$62, , MATCH(nzcathist!B46, Sheet1!$B$1:$AY$1, 0)) ), 0 ) )} -> 539926.76
A47: 46 | B47: 2007 | C47: 3 | D47: 4-5-Jul | E47: 39267 | F47: Tornado events | G47: Tornado | H47: Tornado events | I47: 8.3 | J47: 9.42 | K47: 9.74 | L47: Auckland,Pukekohe,Hamilton,Cambridge,Huntly,Te Awamutu,Tokoroa,Morrinsville | M47: {=SUM( IFERROR( _xlfn.XLOOKUP( TRIM(_xlfn.TEXTSPLIT(nzcathist!L47, ",")), Sheet1!$A$2:$A$62, INDEX(Sheet1!$B$2:$AY$62, , MATCH(nzcathist!B47, Sheet1!$B$1:$AY$1, 0)) ), 0 ) )} -> 1485911.9
A48: 47 | B48: 2006 | C48: 2 | D48: 46138 | E48: 38833 | F48: Flooding - Oamaru , Dunedin | G48: Flood | H48: Oamaru , Dunedin | I48: 1.8 | J48: 2.11 | K48: 2.17 | L48: Oamaru,Dunedin,Balclutha,Milton,Kaitangata | M48: {=SUM( IFERROR( _xlfn.XLOOKUP( TRIM(_xlfn.TEXTSPLIT(nzcathist!L48, ",")), Sheet1!$A$2:$A$62, INDEX(Sheet1!$B$2:$AY$62, , MATCH(nzcathist!B48, Sheet1!$B$1:$AY$1, 0)) ), 0 ) )} -> 129579
A49: 48 | B49: 2006 | C49: 2 | D49: 46185 | E49: 38880 | F49: Storms North , South Islands | G49: Storm | H49: North , South Islands | I49: 42.5 | J49: 49.36 | K49: 51.13 | L49: Nationwide | M49: {=SUM( IFERROR( _xlfn.XLOOKUP( TRIM(_xlfn.TEXTSPLIT(nzcathist!L49, ",")), Sheet1!$A$2:$A$62, INDEX(Sheet1!$B$2:$AY$62, , MATCH(nzcathist!B49, Sheet1!$B$1:$AY$1, 0)) ), 0 ) )} -> 4185880
A50: 49 | B50: 2006 | C50: 4 | D50: 46335 | E50: 39030 | F50: Windstorm damage - Mid to Upper North Island | G50: Storm | H50: Mid to Upper North Island | I50: 3.4 | J50: 3.91 | K50: 4.07 | L50: Auckland,Pukekohe,Hamilton,Cambridge,Huntly,Te Awamutu,Te Kuiti,Tokoroa,Morrinsville,Waihi,Tauranga,Rotorua,Whakatane | M50: {=SUM( IFERROR( _xlfn.XLOOKUP( TRIM(_xlfn.TEXTSPLIT(nzcathist!L50, ",")), Sheet1!$A$2:$A$62, INDEX(Sheet1!$B$2:$AY$62, , MATCH(nzcathist!B50, Sheet1!$B$1:$AY$1, 0)) ), 0 ) )} -> 1649369
A51: 50 | B51: 2006 | C51: 3 | D51: 5-7-Jul | E51: 38903 | F51: Storm,Flood events - Wellington, Manawatu, Wairarapa | G51: Flood, Storm | H51: Wellington, Manawatu, Wairarapa | I51: 2.7 | J51: 3.13 | K51: 3.23 | L51: Wellington,Masterton,Carterton,Kapiti,Foxton,Palmerston North,Fielding,Marton,Wanganui,Ohakune,Taumaranui | M51: {=SUM( IFERROR( _xlfn.XLOOKUP( TRIM(_xlfn.TEXTSPLIT(nzcathist!L51, ",")), Sheet1!$A$2:$A$62, INDEX(Sheet1!$B$2:$AY$62, , MATCH(nzcathist!B51, Sheet1!$B$1:$AY$1, 0)) ), 0 ) )} -> 562135
A52: 51 | B52: 2005 | C52: 1 | D52: NA | E52: NA | F52: Coastal erosion - Haumoana H,B, | G52: Other | H52: Haumoana H,B, | I52: 0 | J52: 0.03 | K52: 0 | L52: Napier,Hastings | M52: {=SUM( IFERROR( _xlfn.XLOOKUP( TRIM(_xlfn.TEXTSPLIT(nzcathist!L52, ",")), Sheet1!$A$2:$A$62, INDEX(Sheet1!$B$2:$AY$62, , MATCH(nzcathist!B52, Sheet1!$B$1:$AY$1, 0)) ), 0 ) )} -> 117935.5
A53: 52 | B53: 2005 | C53: 1 | D53: 46112 | E53: 38442 | F53: Flooding - Lower Nth Island | G53: Flood | H53: Lower North Island | I53: 0.6 | J53: 0.73 | K53: 0.76 | L53: Wellington,Masterton,Carterton,Kapiti,Foxton,Palmerston North,Fielding,Marton,Wanganui | M53: {=SUM( IFERROR( _xlfn.XLOOKUP( TRIM(_xlfn.TEXTSPLIT(nzcathist!L53, ",")), Sheet1!$A$2:$A$62, INDEX(Sheet1!$B$2:$AY$62, , MATCH(nzcathist!B53, Sheet1!$B$1:$AY$1, 0)) ), 0 ) )} -> 553357.2
A54: 53 | B54: 2005 | C54: 1 | D54: 46106 | E54: 38436 | F54: Storm damage Bay of Plenty | G54: Storm | H54: Bay of Plenty | I54: 0.9 | J54: 1.09 | K54: 1.14 | L54: Tauranga,Rotorua,Whakatane | M54: {=SUM( IFERROR( _xlfn.XLOOKUP( TRIM(_xlfn.TEXTSPLIT(nzcathist!L54, ",")), Sheet1!$A$2:$A$62, INDEX(Sheet1!$B$2:$AY$62, , MATCH(nzcathist!B54, Sheet1!$B$1:$AY$1, 0)) ), 0 ) )} -> 177455.1
A55: 54 | B55: 2005 | C55: 4 | D55: 46318 | E55: 38648 | F55: Flooding - Gisborne,East Cape | G55: Flood | H55: Gisborne,East Cape | I55: 0.7 | J55: 0.83 | K55: 0.86 | L55: Gisborne | M55: {=SUM( IFERROR( _xlfn.XLOOKUP( TRIM(_xlfn.TEXTSPLIT(nzcathist!L55, ",")), Sheet1!$A$2:$A$62, INDEX(Sheet1!$B$2:$AY$62, , MATCH(nzcathist!B55, Sheet1!$B$1:$AY$1, 0)) ), 0 ) )} -> 32541.4
A56: 55 | B56: 2005 | C56: 1 | D56: 23,24-Mar | E56: 38434 | F56: Christchurch Hailstorm | G56: Hailstorm | H56: Christchurch | I56: 13 | J56: 15.8 | K56: 16.4 | L56: Christchurch,Ashburton,Rangiora,Timaru,Waimate,Temuka | M56: {=SUM( IFERROR( _xlfn.XLOOKUP( TRIM(_xlfn.TEXTSPLIT(nzcathist!L56, ",")), Sheet1!$A$2:$A$62, INDEX(Sheet1!$B$2:$AY$62, , MATCH(nzcathist!B56, Sheet1!$B$1:$AY$1, 0)) ), 0 ) )} -> 416687.5
A57: 56 | B57: 2005 | C57: 2 | D57: 46160 | E57: 38490 | F57: BOP Tauranga , Matata | G57: Other | H57: BOP Tauranga , Matata | I57: 28.5 | J57: 34.46 | K57: 35.65 | L57: Tauranga,Whakatane,Rotorua | M57: {=SUM( IFERROR( _xlfn.XLOOKUP( TRIM(_xlfn.TEXTSPLIT(nzcathist!L57, ",")), Sheet1!$A$2:$A$62, INDEX(Sheet1!$B$2:$AY$62, , MATCH(nzcathist!B57, Sheet1!$B$1:$AY$1, 0)) ), 0 ) )} -> 177455.1
A58: 57 | B58: 2005 | C58: 1 | D58: 46091 | E58: 38421 | F58: Greymouth Tornado | G58: Tornado | H58: Greymouth | I58: 9.2 | J58: 11.19 | K58: 11.61 | L58: Greymouth,Westport,Hokitika | M58: {=SUM( IFERROR( _xlfn.XLOOKUP( TRIM(_xlfn.TEXTSPLIT(nzcathist!L58, ",")), Sheet1!$A$2:$A$62, INDEX(Sheet1!$B$2:$AY$62, , MATCH(nzcathist!B58, Sheet1!$B$1:$AY$1, 0)) ), 0 ) )} -> 17247.6
A59: 58 | B59: 2005 | C59: 1 | D59: 46060 | E59: 38390 | F59: Rain Storm - Dunedin | G59: Storm | H59: Dunedin | I59: 5 | J59: 6.09 | K59: 6.31 | L59: Dunedin,Balclutha,Milton,Kaitangata | M59: {=SUM( IFERROR( _xlfn.XLOOKUP( TRIM(_xlfn.TEXTSPLIT(nzcathist!L59, ",")), Sheet1!$A$2:$A$62, INDEX(Sheet1!$B$2:$AY$62, , MATCH(nzcathist!B59, Sheet1!$B$1:$AY$1, 0)) ), 0 ) )} -> 117365.4
A60: 59 | B60: 2005 | C60: 1 | D60: 46028 | E60: 38358 | F60: Flooding - Wellington Region | G60: Flood | H60: Wellington Region | I60: 2.5 | J60: 3.05 | K60: 3.15 | L60: Wellington,Masterton,Carterton,Kapiti,Foxton | M60: {=SUM( IFERROR( _xlfn.XLOOKUP( TRIM(_xlfn.TEXTSPLIT(nzcathist!L60, ",")), Sheet1!$A$2:$A$62, INDEX(Sheet1!$B$2:$AY$62, , MATCH(nzcathist!B60, Sheet1!$B$1:$AY$1, 0)) ), 0 ) )} -> 420607
A61: 60 | B61: 2004 | C61: 1 | D61: 20,21Jan | E61: 38006 | F61: Storm Damage - North Island | G61: Storm | H61: North Island | I61: 0.75 | J61: 0.94 | K61: 0.97 | L61: Whangarei,Dargaville,Auckland,Pukekohe,Hamilton,Cambridge,Huntly,Te Awamutu,Te Kuiti,Tokoroa,Morrinsville,Waihi,Tauranga,Rotorua,Whakatane,Gisborne,Napier,Hastings,Wairoa,Waipukurau,Dannevirke,New Plymouth,Hawera,Waitara,Stratford,Eltham,Wanganui,Palmerston North,Fielding,Marton,Ohakune,Taumaranui,Wellington,Masterton,Carterton,Kapiti,Foxton | M61: {=SUM( IFERROR( _xlfn.XLOOKUP( TRIM(_xlfn.TEXTSPLIT(nzcathist!L61, ",")), Sheet1!$A$2:$A$62, INDEX(Sheet1!$B$2:$AY$62, , MATCH(nzcathist!B61, Sheet1!$B$1:$AY$1, 0)) ), 0 ) )} -> 2439521.8
A62: 61 | B62: 2004 | C62: 4 | D62: 46313 | E62: 38278 | F62: Flooding - Hawkes Bay | G62: Flood | H62: Hawkes Bay | I62: 4.8 | J62: 5.9 | K62: 6.08 | L62: Napier,Hastings,Wairoa,Waipukurau,Dannevirke | M62: {=SUM( IFERROR( _xlfn.XLOOKUP( TRIM(_xlfn.TEXTSPLIT(nzcathist!L62, ",")), Sheet1!$A$2:$A$62, INDEX(Sheet1!$B$2:$AY$62, , MATCH(nzcathist!B62, Sheet1!$B$1:$AY$1, 0)) ), 0 ) )} -> 130370.4
A63: 62 | B63: 2004 | C63: 3 | D63: 17,19-Jul | E63: 38185 | F63: Eastern Bay of Plenty Floods | G63: Flood | H63: Eastern Bay of Plenty Floods | I63: 17.6 | J63: 21.77 | K63: 22.5 | L63: Whakatane,Tauranga,Rotorua | M63: {=SUM( IFERROR( _xlfn.XLOOKUP( TRIM(_xlfn.TEXTSPLIT(nzcathist!L63, ",")), Sheet1!$A$2:$A$62, INDEX(Sheet1!$B$2:$AY$62, , MATCH(nzcathist!B63, Sheet1!$B$1:$AY$1, 0)) ), 0 ) )} -> 174708.2
A64: 63 | B64: 2004 | C64: 3 | D64: 15,20Aug | E64: 38214 | F64: Storms - North and South Islands | G64: Storm | H64: North and South Islands | I64: 8.7 | J64: 10.74 | K64: 11.12 | L64: Nationwide | M64: {=SUM( IFERROR( _xlfn.XLOOKUP( TRIM(_xlfn.TEXTSPLIT(nzcathist!L64, ",")), Sheet1!$A$2:$A$62, INDEX(Sheet1!$B$2:$AY$62, , MATCH(nzcathist!B64, Sheet1!$B$1:$AY$1, 0)) ), 0 ) )} -> 4080420
A65: 64 | B65: 2004 | C65: 1 | D65: 15,16Feb | E65: 38032 | F65: Storm Damage - Lower Nth Island | G65: Storm | H65: Lower North Island | I65: 112 | J65: 140.06 | K65: 145.25 | L65: Wellington,Masterton,Carterton,Kapiti,Foxton,Palmerston North,Fielding,Marton,Wanganui,Ohakune,Taumaranui | M65: {=SUM( IFERROR( _xlfn.XLOOKUP( TRIM(_xlfn.TEXTSPLIT(nzcathist!L65, ",")), Sheet1!$A$2:$A$62, INDEX(Sheet1!$B$2:$AY$62, , MATCH(nzcathist!B65, Sheet1!$B$1:$AY$1, 0)) ), 0 ) )} -> 556226.4
A66: 65 | B66: 2004 | C66: 2 | D66: 46118 | E66: 38083 | F66: Wanganui Hailstorm | G66: Hailstorm | H66: Wanganui | I66: 1.3 | J66: 1.62 | K66: 1.67 | L66: Wanganui,Palmerston North,Fielding,Marton,Ohakune,Taumaranui | M66: {=SUM( IFERROR( _xlfn.XLOOKUP( TRIM(_xlfn.TEXTSPLIT(nzcathist!L66, ",")), Sheet1!$A$2:$A$62, INDEX(Sheet1!$B$2:$AY$62, , MATCH(nzcathist!B66, Sheet1!$B$1:$AY$1, 0)) ), 0 ) )} -> 138821.4
A67: 66 | B67: 2003 | C67: 2 | D67: 9-10-Jun | E67: 37781 | F67: Lower North Island Flooding , Storm Damage | G67: Flood, Storm | H67: Lower North Island | I67: 1 | J67: 1.27 | K67: 1.32 | L67: Wellington,Masterton,Carterton,Kapiti,Foxton,Palmerston North,Fielding,Marton,Wanganui,Ohakune,Taumaranui | M67: {=SUM( IFERROR( _xlfn.XLOOKUP( TRIM(_xlfn.TEXTSPLIT(nzcathist!L67, ",")), Sheet1!$A$2:$A$62, INDEX(Sheet1!$B$2:$AY$62, , MATCH(nzcathist!B67, Sheet1!$B$1:$AY$1, 0)) ), 0 ) )} -> 553272.1
A68: 67 | B68: 2003 | C68: 4 | D68: 3,4Oct | E68: 37897 | F68: North , South Islands , Storms , Floods | G68: Flood, Storm | H68: North , South Islands | I68: 2.3 | J68: 2.9 | K68: 2.99 | L68: Nationwide | M68: {=SUM( IFERROR( _xlfn.XLOOKUP( TRIM(_xlfn.TEXTSPLIT(nzcathist!L68, ",")), Sheet1!$A$2:$A$62, INDEX(Sheet1!$B$2:$AY$62, , MATCH(nzcathist!B68, Sheet1!$B$1:$AY$1, 0)) ), 0 ) )} -> 4022070
A69: 68 | B69: 2002 | C69: 2 | D69: 46194 | E69: 37428 | F69: North Island Flooding , Storm Damage | G69: Flood, Storm | H69: North Island | I69: 21.5 | J69: 27.69 | K69: 28.73 | L69: Whangarei,Dargaville,Auckland,Pukekohe,Hamilton,Cambridge,Huntly,Te Awamutu,Te Kuiti,Tokoroa,Morrinsville,Waihi,Tauranga,Rotorua,Whakatane,Gisborne,Napier,Hastings,Wairoa,Waipukurau,Dannevirke,New Plymouth,Hawera,Waitara,Stratford,Eltham,Wanganui,Palmerston North,Fielding,Marton,Ohakune,Taumaranui,Wellington,Masterton,Carterton,Kapiti,Foxton | M69: {=SUM( IFERROR( _xlfn.XLOOKUP( TRIM(_xlfn.TEXTSPLIT(nzcathist!L69, ",")), Sheet1!$A$2:$A$62, INDEX(Sheet1!$B$2:$AY$62, , MATCH(nzcathist!B69, Sheet1!$B$1:$AY$1, 0)) ), 0 ) )} -> 2379162.6
A70: 69 | B70: 2002 | C70: 1 | D70: 46039 | E70: 37273 | F70: Dunedin Flooding | G70: Flood | H70: Dunedin | I70: 0.3 | J70: 0.39 | K70: 0.41 | L70: Dunedin,Balclutha,Milton,Kaitangata | M70: {=SUM( IFERROR( _xlfn.XLOOKUP( TRIM(_xlfn.TEXTSPLIT(nzcathist!L70, ",")), Sheet1!$A$2:$A$62, INDEX(Sheet1!$B$2:$AY$62, , MATCH(nzcathist!B70, Sheet1!$B$1:$AY$1, 0)) ), 0 ) )} -> 117876.6
A71: 70 | B71: 2002 | C71: 1 | D71: 46036 | E71: 37270 | F71: Canterbury Flooding | G71: Flood | H71: Canterbury | I71: 0.25 | J71: 0.33 | K71: 0.34 | L71: Christchurch,Ashburton,Timaru,Rangiora,Waimate,Temuka,Greymouth,Westport,Hokitika | M71: {=SUM( IFERROR( _xlfn.XLOOKUP( TRIM(_xlfn.TEXTSPLIT(nzcathist!L71, ",")), Sheet1!$A$2:$A$62, INDEX(Sheet1!$B$2:$AY$62, , MATCH(nzcathist!B71, Sheet1!$B$1:$AY$1, 0)) ), 0 ) )} -> 425043.4
A72: 71 | B72: 2002 | C72: 1 | D72: 46032 | E72: 37266 | F72: Wellington , Wairarapa Flooding | G72: Flood | H72: Wellington , Wairarapa | I72: 0.6 | J72: 0.78 | K72: 0.81 | L72: Wellington,Masterton,Carterton,Kapiti,Foxton,Palmerston North,Fielding,Marton,Wanganui | M72: {=SUM( IFERROR( _xlfn.XLOOKUP( TRIM(_xlfn.TEXTSPLIT(nzcathist!L72, ",")), Sheet1!$A$2:$A$62, INDEX(Sheet1!$B$2:$AY$62, , MATCH(nzcathist!B72, Sheet1!$B$1:$AY$1, 0)) ), 0 ) )} -> 544096.8
A73: 72 | B73: 2002 | C73: 1 | D73: 46027 | E73: 37261 | F73: Canterbury Hail Storm | G73: Hailstorm | H73: Canterbury | I73: 3 | J73: 3.92 | K73: 4.05 | L73: Christchurch,Ashburton,Timaru,Rangiora,Waimate,Temuka | M73: {=SUM( IFERROR( _xlfn.XLOOKUP( TRIM(_xlfn.TEXTSPLIT(nzcathist!L73, ",")), Sheet1!$A$2:$A$62, INDEX(Sheet1!$B$2:$AY$62, , MATCH(nzcathist!B73, Sheet1!$B$1:$AY$1, 0)) ), 0 ) )} -> 407407
A74: 73 | B74: 2001 | C74: 4 | D74: 46366 | E74: 37235 | F74: Wellington , Wairarapa Floods | G74: Flood | H74: Wellington , Wairarapa | I74: 0.6 | J74: 0.79 | K74: 0.81 | L74: Wellington,Masterton,Carterton,Kapiti,Foxton | M74: {=SUM( IFERROR( _xlfn.XLOOKUP( TRIM(_xlfn.TEXTSPLIT(nzcathist!L74, ",")), Sheet1!$A$2:$A$62, INDEX(Sheet1!$B$2:$AY$62, , MATCH(nzcathist!B74, Sheet1!$B$1:$AY$1, 0)) ), 0 ) )} -> 407799
A75: 74 | B75: 2001 | C75: 1 | D75: 46029 | E75: 36898 | F75: Masterton Hailstorm | G75: Hailstorm | H75: Masterton | I75: 1.5 | J75: 2 | K75: 2.08 | L75: Masterton,Carterton,Wellington,Kapiti,Foxton | M75: {=SUM( IFERROR( _xlfn.XLOOKUP( TRIM(_xlfn.TEXTSPLIT(nzcathist!L75, ",")), Sheet1!$A$2:$A$62, INDEX(Sheet1!$B$2:$AY$62, , MATCH(nzcathist!B75, Sheet1!$B$1:$AY$1, 0)) ), 0 ) )} -> 407799
A76: 75 | B76: 2001 | C76: 4 | D76: 46330 | E76: 37199 | F76: Storm Damage North Island | G76: Storm | H76: North Island | I76: 0.5 | J76: 0.66 | K76: 0.68 | L76: Whangarei,Dargaville,Auckland,Pukekohe,Hamilton,Cambridge,Huntly,Te Awamutu,Te Kuiti,Tokoroa,Morrinsville,Waihi,Tauranga,Rotorua,Whakatane,Gisborne,Napier,Hastings,Wairoa,Waipukurau,Dannevirke,New Plymouth,Hawera,Waitara,Stratford,Eltham,Wanganui,Palmerston North,Fielding,Marton,Ohakune,Taumaranui,Wellington,Masterton,Carterton,Kapiti,Foxton | M76: {=SUM( IFERROR( _xlfn.XLOOKUP( TRIM(_xlfn.TEXTSPLIT(nzcathist!L76, ",")), Sheet1!$A$2:$A$62, INDEX(Sheet1!$B$2:$AY$62, , MATCH(nzcathist!B76, Sheet1!$B$1:$AY$1, 0)) ), 0 ) )} -> 2348983
A77: 76 | B77: 2000 | C77: 3 | D77: 46291 | E77: 36795 | F77: North Island Severe Weather | G77: Weather | H77: North Island | I77: 4.2 | J77: 5.66 | K77: 5.87 | L77: Whangarei,Dargaville,Auckland,Pukekohe,Hamilton,Cambridge,Huntly,Te Awamutu,Te Kuiti,Tokoroa,Morrinsville,Waihi,Tauranga,Rotorua,Whakatane,Gisborne,Napier,Hastings,Wairoa,Waipukurau,Dannevirke,New Plymouth,Hawera,Waitara,Stratford,Eltham,Wanganui,Palmerston North,Fielding,Marton,Ohakune,Taumaranui,Wellington,Masterton,Carterton,Kapiti,Foxton | M77: {=SUM( IFERROR( _xlfn.XLOOKUP( TRIM(_xlfn.TEXTSPLIT(nzcathist!L77, ",")), Sheet1!$A$2:$A$62, INDEX(Sheet1!$B$2:$AY$62, , MATCH(nzcathist!B77, Sheet1!$B$1:$AY$1, 0)) ), 0 ) )} -> 2318803.4
A78: 77 | B78: 2000 | C78: 4 | D78: 46307 | E78: 36811 | F78: Canterbury Storms | G78: Storm | H78: Canterbury | I78: 9.4 | J78: 12.63 | K78: 12.99 | L78: Christchurch,Ashburton,Timaru,Rangiora,Waimate,Temuka,Greymouth,Westport,Hokitika | M78: {=SUM( IFERROR( _xlfn.XLOOKUP( TRIM(_xlfn.TEXTSPLIT(nzcathist!L78, ",")), Sheet1!$A$2:$A$62, INDEX(Sheet1!$B$2:$AY$62, , MATCH(nzcathist!B78, Sheet1!$B$1:$AY$1, 0)) ), 0 ) )} -> 419115.6
A79: 78 | B79: 2000 | C79: 2 | D79: 46122 | E79: 36626 | F79: Tauranga , Eastern Bay of Plenty Floods | G79: Flood | H79: Tauranga , Eastern Bay of Plenty | I79: 1.9 | J79: 2.61 | K79: 2.69 | L79: Tauranga,Rotorua,Whakatane | M79: {=SUM( IFERROR( _xlfn.XLOOKUP( TRIM(_xlfn.TEXTSPLIT(nzcathist!L79, ",")), Sheet1!$A$2:$A$62, INDEX(Sheet1!$B$2:$AY$62, , MATCH(nzcathist!B79, Sheet1!$B$1:$AY$1, 0)) ), 0 ) )} -> 163720.6
A80: 79 | B80: 2000 | C80: 3 | D80: 46206 | E80: 36710 | F80: Auckland , Coromandel Floods | G80: Flood | H80: Auckland , Coromandel | I80: 7.6 | J80: 10.37 | K80: 10.63 | L80: Auckland,Pukekohe,Thames | M80: {=SUM( IFERROR( _xlfn.XLOOKUP( TRIM(_xlfn.TEXTSPLIT(nzcathist!L80, ",")), Sheet1!$A$2:$A$62, INDEX(Sheet1!$B$2:$AY$62, , MATCH(nzcathist!B80, Sheet1!$B$1:$AY$1, 0)) ), 0 ) )} -> 1100769
... A103: 102 | B103: 1996 | C103: 4 | D103: 46357 | E103: 35400 | F103: Weather related losses | G103: Weather | H103: NA | I103: 2.1 | J103: 2.96 | K103: 3.07 | L103: Nationwide | M103: {=SUM( IFERROR( _xlfn.XLOOKUP( TRIM(_xlfn.TEXTSPLIT(nzcathist!L103, ",")), Sheet1!$A$2:$A$62, INDEX(Sheet1!$B$2:$AY$62, , MATCH(nzcathist!B103, Sheet1!$B$1:$AY$1, 0)) ), 0 ) )} -> 3717350
A104: 103 | B104: 1995 | C104: 1 | D104: NA | E104: NA | F104: Whangarei , District Floods | G104: Flood | H104: Whangarei , District | I104: 1.7 | J104: 2.47 | K104: 2.59 | L104: Whangarei,Dargaville | M104: {=SUM( IFERROR( _xlfn.XLOOKUP( TRIM(_xlfn.TEXTSPLIT(nzcathist!L104, ",")), Sheet1!$A$2:$A$62, INDEX(Sheet1!$B$2:$AY$62, , MATCH(nzcathist!B104, Sheet1!$B$1:$AY$1, 0)) ), 0 ) )} -> 50119.7
A105: 104 | B105: 1995 | C105: 2 | D105: 46137 | E105: 34814 | F105: New Plymouth Floods | G105: Flood | H105: New Plymouth | I105: 3.6 | J105: 5.27 | K105: 5.44 | L105: New Plymouth,Hawera,Waitara,Stratford,Eltham | M105: {=SUM( IFERROR( _xlfn.XLOOKUP( TRIM(_xlfn.TEXTSPLIT(nzcathist!L105, ",")), Sheet1!$A$2:$A$62, INDEX(Sheet1!$B$2:$AY$62, , MATCH(nzcathist!B105, Sheet1!$B$1:$AY$1, 0)) ), 0 ) )} -> 73366.6
A106: 105 | B106: 1995 | C106: 3 | D106: 46221 | E106: 34898 | F106: Thames , Kaiaua Floods | G106: Flood | H106: Thames , Kaiaua | I106: 2.8 | J106: 4.07 | K106: 4.22 | L106: Thames | M106: {=SUM( IFERROR( _xlfn.XLOOKUP( TRIM(_xlfn.TEXTSPLIT(nzcathist!L106, ",")), Sheet1!$A$2:$A$62, INDEX(Sheet1!$B$2:$AY$62, , MATCH(nzcathist!B106, Sheet1!$B$1:$AY$1, 0)) ), 0 ) )} -> 0
A107: 106 | B107: 1995 | C107: 3 | D107: 46205 | E107: 34882 | F107: North , South Island Floods | G107: Flood | H107: North , South Island | I107: 4.5 | J107: 6.54 | K107: 6.79 | L107: Nationwide | M107: {=SUM( IFERROR( _xlfn.XLOOKUP( TRIM(_xlfn.TEXTSPLIT(nzcathist!L107, ",")), Sheet1!$A$2:$A$62, INDEX(Sheet1!$B$2:$AY$62, , MATCH(nzcathist!B107, Sheet1!$B$1:$AY$1, 0)) ), 0 ) )} -> 3674940
A108: 107 | B108: 1994 | C108: 1 | D108: NA | E108: NA | F108: Hastings Hailstorm | G108: Hailstorm | H108: Hastings | I108: 10.8 | J108: 16.43 | K108: 17.13 | L108: Hastings,Napier,Wairoa,Waipukurau,Dannevirke | M108: {=SUM( IFERROR( _xlfn.XLOOKUP( TRIM(_xlfn.TEXTSPLIT(nzcathist!L108, ",")), Sheet1!$A$2:$A$62, INDEX(Sheet1!$B$2:$AY$62, , MATCH(nzcathist!B108, Sheet1!$B$1:$AY$1, 0)) ), 0 ) )} -> 126744.6
A109: 108 | B109: 1994 | C109: 1 | D109: 46072 | E109: 34384 | F109: South Canterbury Floods | G109: Flood | H109: South Canterbury | I109: 1.5 | J109: 2.29 | K109: 2.38 | L109: Timaru,Ashburton,Rangiora,Waimate,Temuka,Christchurch | M109: {=SUM( IFERROR( _xlfn.XLOOKUP( TRIM(_xlfn.TEXTSPLIT(nzcathist!L109, ",")), Sheet1!$A$2:$A$62, INDEX(Sheet1!$B$2:$AY$62, , MATCH(nzcathist!B109, Sheet1!$B$1:$AY$1, 0)) ), 0 ) )} -> 382490
A110: 109 | B110: 1994 | C110: 4 | D110: 46327 | E110: 34639 | F110: North , South Storm , Floods | G110: Flood, Storm | H110: North , South | I110: 6 | J110: 8.98 | K110: 9.26 | L110: Nationwide | M110: {=SUM( IFERROR( _xlfn.XLOOKUP( TRIM(_xlfn.TEXTSPLIT(nzcathist!L110, ",")), Sheet1!$A$2:$A$62, INDEX(Sheet1!$B$2:$AY$62, , MATCH(nzcathist!B110, Sheet1!$B$1:$AY$1, 0)) ), 0 ) )} -> 3623270
A111: 110 | B111: 1993 | C111: 4 | D111: 46380 | E111: 34327 | F111: Kaikoura Flood | G111: Flood | H111: Kaikoura | I111: 7.6 | J111: 11.61 | K111: 12.06 | L111: Christchurch,Ashburton,Timaru,Rangiora,Waimate,Temuka,Nelson,Blenheim,Greymouth,Westport,Hokitika | M111: {=SUM( IFERROR( _xlfn.XLOOKUP( TRIM(_xlfn.TEXTSPLIT(nzcathist!L111, ",")), Sheet1!$A$2:$A$62, INDEX(Sheet1!$B$2:$AY$62, , MATCH(nzcathist!B111, Sheet1!$B$1:$AY$1, 0)) ), 0 ) )} -> 471784.6
A112: 111 | B112: 1992 | C112: 1 | D112: NA | E112: NA | F112: Auckland Tornado | G112: Tornado | H112: Auckland | I112: 1.1 | J112: 1.71 | K112: 1.78 | L112: Auckland,Pukekohe | M112: {=SUM( IFERROR( _xlfn.XLOOKUP( TRIM(_xlfn.TEXTSPLIT(nzcathist!L112, ",")), Sheet1!$A$2:$A$62, INDEX(Sheet1!$B$2:$AY$62, , MATCH(nzcathist!B112, Sheet1!$B$1:$AY$1, 0)) ), 0 ) )} -> 942355
A113: 112 | B113: 1992 | C113: 3 | D113: 46262 | E113: 33844 | F113: Canterbury Snowstorm | G113: Storm | H113: Canterbury | I113: 7 | J113: 10.88 | K113: 11.29 | L113: Christchurch,Ashburton,Timaru,Rangiora,Waimate,Temuka,Greymouth,Westport,Hokitika | M113: {=SUM( IFERROR( _xlfn.XLOOKUP( TRIM(_xlfn.TEXTSPLIT(nzcathist!L113, ",")), Sheet1!$A$2:$A$62, INDEX(Sheet1!$B$2:$AY$62, , MATCH(nzcathist!B113, Sheet1!$B$1:$AY$1, 0)) ), 0 ) )} -> 394921.6
A114: 113 | B114: 1991 | C114: 1 | D114: NA | E114: NA | F114: Albany Tornado | G114: Tornado | H114: Albany | I114: 1.5 | J114: 2.36 | K114: 2.45 | L114: Auckland,Pukekohe | M114: {=SUM( IFERROR( _xlfn.XLOOKUP( TRIM(_xlfn.TEXTSPLIT(nzcathist!L114, ",")), Sheet1!$A$2:$A$62, INDEX(Sheet1!$B$2:$AY$62, , MATCH(nzcathist!B114, Sheet1!$B$1:$AY$1, 0)) ), 0 ) )} -> 924392
A115: 114 | B115: 1991 | C115: 1 | D115: 46071 | E115: 33287 | F115: Otago Floods | G115: Flood | H115: Otago | I115: 1.6 | J115: 2.53 | K115: 2.62 | L115: Dunedin,Balclutha,Milton,Kaitangata | M115: {=SUM( IFERROR( _xlfn.XLOOKUP( TRIM(_xlfn.TEXTSPLIT(nzcathist!L115, ",")), Sheet1!$A$2:$A$62, INDEX(Sheet1!$B$2:$AY$62, , MATCH(nzcathist!B115, Sheet1!$B$1:$AY$1, 0)) ), 0 ) )} -> 117558
A116: 115 | B116: 1990 | C116: 3 | D116: 46242 | E116: 33093 | F116: Taranaki , Wanganui Floods | G116: Flood | H116: Taranaki , Wanganui | I116: 1.8 | J116: 2.9 | K116: 2.99 | L116: New Plymouth,Hawera,Waitara,Stratford,Eltham,Wanganui,Palmerston North,Fielding,Marton,Ohakune,Taumaranui | M116: {=SUM( IFERROR( _xlfn.XLOOKUP( TRIM(_xlfn.TEXTSPLIT(nzcathist!L116, ",")), Sheet1!$A$2:$A$62, INDEX(Sheet1!$B$2:$AY$62, , MATCH(nzcathist!B116, Sheet1!$B$1:$AY$1, 0)) ), 0 ) )} -> 209860
A117: 116 | B117: 1988 | C117: 3 | D117: 46228 | E117: 32349 | F117: Manawatu Floods | G117: Flood | H117: Manawatu | I117: 2.5 | J117: 4.53 | K117: 4.68 | L117: Palmerston North,Fielding,Marton,Wanganui,Ohakune,Taumaranui | M117: {=SUM( IFERROR( _xlfn.XLOOKUP( TRIM(_xlfn.TEXTSPLIT(nzcathist!L117, ",")), Sheet1!$A$2:$A$62, INDEX(Sheet1!$B$2:$AY$62, , MATCH(nzcathist!B117, Sheet1!$B$1:$AY$1, 0)) ), 0 ) )} -> 135286.2
A118: 117 | B118: 1988 | C118: 1 | D118: 46089 | E118: 32210 | F118: Cyclone Bola | G118: Cyclone | H118: NA | I118: 37 | J118: 68.08 | K118: 70.41 | L118: Gisborne,Napier,Hastings,Wairoa,Waipukurau,Dannevirke,Whangarei,Dargaville | M118: {=SUM( IFERROR( _xlfn.XLOOKUP( TRIM(_xlfn.TEXTSPLIT(nzcathist!L118, ",")), Sheet1!$A$2:$A$62, INDEX(Sheet1!$B$2:$AY$62, , MATCH(nzcathist!B118, Sheet1!$B$1:$AY$1, 0)) ), 0 ) )} -> 205948
A119: 118 | B119: 1988 | C119: 3 | D119: 46266 | E119: 32387 | F119: Greymouth Floods | G119: Flood | H119: Greymouth | I119: 13.4 | J119: 24.21 | K119: 25.08 | L119: Greymouth,Westport,Hokitika | M119: {=SUM( IFERROR( _xlfn.XLOOKUP( TRIM(_xlfn.TEXTSPLIT(nzcathist!L119, ",")), Sheet1!$A$2:$A$62, INDEX(Sheet1!$B$2:$AY$62, , MATCH(nzcathist!B119, Sheet1!$B$1:$AY$1, 0)) ), 0 ) )} -> 19161.2
A120: 119 | B120: 1988 | C120: 2 | D120: 46143 | E120: 32264 | F120: Greymouth Floods | G120: Flood | H120: Greymouth | I120: 3.2 | J120: 5.85 | K120: 6.04 | L120: Greymouth,Westport,Hokitika | M120: {=SUM( IFERROR( _xlfn.XLOOKUP( TRIM(_xlfn.TEXTSPLIT(nzcathist!L120, ",")), Sheet1!$A$2:$A$62, INDEX(Sheet1!$B$2:$AY$62, , MATCH(nzcathist!B120, Sheet1!$B$1:$AY$1, 0)) ), 0 ) )} -> 19161.2
A121: 120 | B121: 1987 | C121: 1 | D121: NA | E121: NA | F121: Bay of Plenty Earthquake | G121: Earthquake | H121: Bay of Plenty | I121: 192 | J121: 371.12 | K121: 398.17 | L121: Tauranga,Rotorua,Whakatane | M121: {=SUM( IFERROR( _xlfn.XLOOKUP( TRIM(_xlfn.TEXTSPLIT(nzcathist!L121, ",")), Sheet1!$A$2:$A$62, INDEX(Sheet1!$B$2:$AY$62, , MATCH(nzcathist!B121, Sheet1!$B$1:$AY$1, 0)) ), 0 ) )} -> 132565.8
A122: 121 | B122: 1986 | C122: 1 | D122: NA | E122: NA | F122: Auckland Floods | G122: Flood | H122: Auckland | I122: 0.4 | J122: 0.92 | K122: 0.98 | L122: Auckland,Pukekohe | M122: {=SUM( IFERROR( _xlfn.XLOOKUP( TRIM(_xlfn.TEXTSPLIT(nzcathist!L122, ",")), Sheet1!$A$2:$A$62, INDEX(Sheet1!$B$2:$AY$62, , MATCH(nzcathist!B122, Sheet1!$B$1:$AY$1, 0)) ), 0 ) )} -> 834577
...

Sheet Sheet1
A1: Town | B1: 1966 | C1: 1967 | D1: 1968 | E1: 1969 | F1: 1970 | G1: 1971 | H1: 1972 | I1: 1973 | J1: 1974 | K1: 1975 | L1: 1976 | M1: 1977 | N1: 1978 | O1: 1979 | P1: 1980 | Q1: 1981 | R1: 1982 | S1: 1983 | T1: 1984 | U1: 1985 | V1: 1986 | W1: 1987 | X1: 1988 | Y1: 1989 | Z1: 1990 | AA1: 1991 | AB1: 1992 | AC1: 1993 | AD1: 1994 | AE1: 1995 | AF1: 1996 | AG1: 1997 | AH1: 1998 | AI1: 1999 | AJ1: 2000 | AK1: 2001 | AL1: 2002 | AM1: 2003 | AN1: 2004 | AO1: 2005 | AP1: 2006 | AQ1: 2007 | AR1: 2008 | AS1: 2009 | AT1: 2010 | AU1: 2011 | AV1: 2012 | AW1: 2013 | AX1: 2014 | AY1: 2015
A2: Ashburton | B2: 13755 | C2: =$L2-($L2-$B2)*(9/10) -> 13923.6 | D2: =$L2-($L2-$B2)*(8/10) -> 14092.2 | E2: =$L2-($L2-$B2)*(7/10) -> 14260.8 | F2: =$L2-($L2-$B2)*(6/10) -> 14429.4 | G2: =$L2-($L2-$B2)*(5/10) -> 14598 | H2: =$L2-($L2-$B2)*(4/10) -> 14766.6 | I2: =$L2-($L2-$B2)*(3/10) -> 14935.2 | J2: =$L2-($L2-$B2)*(2/10) -> 15103.8 | K2: =$L2-($L2-$B2)*(1/10) -> 15272.4 | L2: 15441 | M2: =$V2-($V2-$L2)*(9/10) -> 15419.8 | N2: =$V2-($V2-$L2)*(8/10) -> 15398.6 | O2: =$V2-($V2-$L2)*(7/10) -> 15377.4 | P2: =$V2-($V2-$L2)*(6/10) -> 15356.2 | Q2: =$V2-($V2-$L2)*(5/10) -> 15335 | R2: =$V2-($V2-$L2)*(4/10) -> 15313.8 | S2: =$V2-($V2-$L2)*(3/10) -> 15292.6 | T2: =$V2-($V2-$L2)*(2/10) -> 15271.4 | U2: =$V2-($V2-$L2)*(1/10) -> 15250.2 | V2: 15229 | W2: =$AF2-($AF2-$V2)*(9/10) -> 15230.5 | X2: =$AF2-($AF2-$V2)*(8/10) -> 15232 | Y2: =$AF2-($AF2-$V2)*(7/10) -> 15233.5 | Z2: =$AF2-($AF2-$V2)*(6/10) -> 15235 | AA2: =$AF2-($AF2-$V2)*(5/10) -> 15236.5 | AB2: =$AF2-($AF2-$V2)*(4/10) -> 15238 | AC2: =$AF2-($AF2-$V2)*(3/10) -> 15239.5 | AD2: =$AF2-($AF2-$V2)*(2/10) -> 15241 | AE2: =$AF2-($AF2-$V2)*(1/10) -> 15242.5 | AF2: 15244 | AG2: =$AP2-($AP2-$AF2)*(9/10) -> 15343.6 | AH2: =$AP2-($AP2-$AF2)*(8/10) -> 15443.2 | AI2: =$AP2-($AP2-$AF2)*(7/10) -> 15542.8 | AJ2: =$AP2-($AP2-$AF2)*(6/10) -> 15642.4 | AK2: =$AP2-($AP2-$AF2)*(5/10) -> 15742 | AL2: =$AP2-($AP2-$AF2)*(4/10) -> 15841.6 | AM2: =$AP2-($AP2-$AF2)*(3/10) -> 15941.2 | AN2: =$AP2-($AP2-$AF2)*(2/10) -> 16040.8 | AO2: =$AP2-($AP2-$AF2)*(1/10) -> 16140.4 | AP2: 16240 | AQ2: =AP2*(1+((AP2/AO2)-1)) -> 16340.215 | AR2: =AQ2*(1+((AQ2/AP2)-1)) -> 16441.048 | AS2: =AR2*(1+((AR2/AQ2)-1)) -> 16542.503 | AT2: =AS2*(1+((AS2/AR2)-1)) -> 16644.584 | AU2: =AT2*(1+((AT2/AS2)-1)) -> 16747.295 | AV2: =AU2*(1+((AU2/AT2)-1)) -> 16850.641 | AW2: =AV2*(1+((AV2/AU2)-1)) -> 16954.623 | AX2: =AW2*(1+((AW2/AV2)-1)) -> 17059.248 | AY2: =AX2*(1+((AX2/AW2)-1)) -> 17164.518
A3: Auckland | B3: 548293 | C3: =$L3-($L3-$B3)*(9/10) -> 567742.3 | D3: =$L3-($L3-$B3)*(8/10) -> 587191.6 | E3: =$L3-($L3-$B3)*(7/10) -> 606640.9 | F3: =$L3-($L3-$B3)*(6/10) -> 626090.2 | G3: =$L3-($L3-$B3)*(5/10) -> 645539.5 | H3: =$L3-($L3-$B3)*(4/10) -> 664988.8 | I3: =$L3-($L3-$B3)*(3/10) -> 684438.1 | J3: =$L3-($L3-$B3)*(2/10) -> 703887.4 | K3: =$L3-($L3-$B3)*(1/10) -> 723336.7 | L3: 742786 | M3: =$V3-($V3-$L3)*(9/10) -> 750582.8 | N3: =$V3-($V3-$L3)*(8/10) -> 758379.6 | O3: =$V3-($V3-$L3)*(7/10) -> 766176.4 | P3: =$V3-($V3-$L3)*(6/10) -> 773973.2 | Q3: =$V3-($V3-$L3)*(5/10) -> 781770 | R3: =$V3-($V3-$L3)*(4/10) -> 789566.8 | S3: =$V3-($V3-$L3)*(3/10) -> 797363.6 | T3: =$V3-($V3-$L3)*(2/10) -> 805160.4 | U3: =$V3-($V3-$L3)*(1/10) -> 812957.2 | V3: 820754 | W3: =$AF3-($AF3-$V3)*(9/10) -> 838472.6 | X3: =$AF3-($AF3-$V3)*(8/10) -> 856191.2 | Y3: =$AF3-($AF3-$V3)*(7/10) -> 873909.8 | Z3: =$AF3-($AF3-$V3)*(6/10) -> 891628.4 | AA3: =$AF3-($AF3-$V3)*(5/10) -> 909347 | AB3: =$AF3-($AF3-$V3)*(4/10) -> 927065.6 | AC3: =$AF3-($AF3-$V3)*(3/10) -> 944784.2 | AD3: =$AF3-($AF3-$V3)*(2/10) -> 962502.8 | AE3: =$AF3-($AF3-$V3)*(1/10) -> 980221.4 | AF3: 997940 | AG3: =$AP3-($AP3-$AF3)*(9/10) -> 1018955.4 | AH3: =$AP3-($AP3-$AF3)*(8/10) -> 1039970.8 | AI3: =$AP3-($AP3-$AF3)*(7/10) -> 1060986.2 | AJ3: =$AP3-($AP3-$AF3)*(6/10) -> 1082001.6 | AK3: =$AP3-($AP3-$AF3)*(5/10) -> 1103017 | AL3: =$AP3-($AP3-$AF3)*(4/10) -> 1124032.4 | AM3: =$AP3-($AP3-$AF3)*(3/10) -> 1145047.8 | AN3: =$AP3-($AP3-$AF3)*(2/10) -> 1166063.2 | AO3: =$AP3-($AP3-$AF3)*(1/10) -> 1187078.6 | AP3: 1208094 | AQ3: =AP3*(1+((AP3/AO3)-1)) -> 1229481.4 | AR3: =AQ3*(1+((AQ3/AP3)-1)) -> 1251247.5 | AS3: =AR3*(1+((AR3/AQ3)-1)) -> 1273398.9 | AT3: =AS3*(1+((AS3/AR3)-1)) -> 1295942.5 | AU3: =AT3*(1+((AT3/AS3)-1)) -> 1318885.2 | AV3: =AU3*(1+((AU3/AT3)-1)) -> 1342234 | AW3: =AV3*(1+((AV3/AU3)-1)) -> 1365996.2 | AX3: =AW3*(1+((AW3/AV3)-1)) -> 1390179.1 | AY3: =AX3*(1+((AX3/AW3)-1)) -> 1414790
A4: Balclutha | B4: 4419 | C4: =$L4-($L4-$B4)*(9/10) -> 4451.1 | D4: =$L4-($L4-$B4)*(8/10) -> 4483.2 | E4: =$L4-($L4-$B4)*(7/10) -> 4515.3 | F4: =$L4-($L4-$B4)*(6/10) -> 4547.4 | G4: =$L4-($L4-$B4)*(5/10) -> 4579.5 | H4: =$L4-($L4-$B4)*(4/10) -> 4611.6 | I4: =$L4-($L4-$B4)*(3/10) -> 4643.7 | J4: =$L4-($L4-$B4)*(2/10) -> 4675.8 | K4: =$L4-($L4-$B4)*(1/10) -> 4707.9 | L4: 4740 | M4: =$V4-($V4-$L4)*(9/10) -> 4688.7 | N4: =$V4-($V4-$L4)*(8/10) -> 4637.4 | O4: =$V4-($V4-$L4)*(7/10) -> 4586.1 | P4: =$V4-($V4-$L4)*(6/10) -> 4534.8 | Q4: =$V4-($V4-$L4)*(5/10) -> 4483.5 | R4: =$V4-($V4-$L4)*(4/10) -> 4432.2 | S4: =$V4-($V4-$L4)*(3/10) -> 4380.9 | T4: =$V4-($V4-$L4)*(2/10) -> 4329.6 | U4: =$V4-($V4-$L4)*(1/10) -> 4278.3 | V4: 4227 | W4: =$AF4-($AF4-$V4)*(9/10) -> 4185.1 | X4: =$AF4-($AF4-$V4)*(8/10) -> 4143.2 | Y4: =$AF4-($AF4-$V4)*(7/10) -> 4101.3 | Z4: =$AF4-($AF4-$V4)*(6/10) -> 4059.4 | AA4: =$AF4-($AF4-$V4)*(5/10) -> 4017.5 | AB4: =$AF4-($AF4-$V4)*(4/10) -> 3975.6 | AC4: =$AF4-($AF4-$V4)*(3/10) -> 3933.7 | AD4: =$AF4-($AF4-$V4)*(2/10) -> 3891.8 | AE4: =$AF4-($AF4-$V4)*(1/10) -> 3849.9 | AF4: 3808 | AG4: =$AP4-($AP4-$AF4)*(9/10) -> 3791.6 | AH4: =$AP4-($AP4-$AF4)*(8/10) -> 3775.2 | AI4: =$AP4-($AP4-$AF4)*(7/10) -> 3758.8 | AJ4: =$AP4-($AP4-$AF4)*(6/10) -> 3742.4 | AK4: =$AP4-($AP4-$AF4)*(5/10) -> 3726 | AL4: =$AP4-($AP4-$AF4)*(4/10) -> 3709.6 | AM4: =$AP4-($AP4-$AF4)*(3/10) -> 3693.2 | AN4: =$AP4-($AP4-$AF4)*(2/10) -> 3676.8 | AO4: =$AP4-($AP4-$AF4)*(1/10) -> 3660.4 | AP4: 3644 | AQ4: =AP4*(1+((AP4/AO4)-1)) -> 3627.6735 | AR4: =AQ4*(1+((AQ4/AP4)-1)) -> 3611.4201 | AS4: =AR4*(1+((AR4/AQ4)-1)) -> 3595.2396 | AT4: =AS4*(1+((AS4/AR4)-1)) -> 3579.1315 | AU4: =AT4*(1+((AT4/AS4)-1)) -> 3563.0956 | AV4: =AU4*(1+((AU4/AT4)-1)) -> 3547.1316 | AW4: =AV4*(1+((AV4/AU4)-1)) -> 3531.2391 | AX4: =AW4*(1+((AW4/AV4)-1)) -> 3515.4178 | AY4: =AX4*(1+((AX4/AW4)-1)) -> 3499.6673
A5: Blenheim | B5: 16405 | C5: =$L5-($L5-$B5)*(9/10) -> 16889.9 | D5: =$L5-($L5-$B5)*(8/10) -> 17374.8 | E5: =$L5-($L5-$B5)*(7/10) -> 17859.7 | F5: =$L5-($L5-$B5)*(6/10) -> 18344.6 | G5: =$L5-($L5-$B5)*(5/10) -> 18829.5 | H5: =$L5-($L5-$B5)*(4/10) -> 19314.4 | I5: =$L5-($L5-$B5)*(3/10) -> 19799.3 | J5: =$L5-($L5-$B5)*(2/10) -> 20284.2 | K5: =$L5-($L5-$B5)*(1/10) -> 20769.1 | L5: 21254 | M5: =$V5-($V5-$L5)*(9/10) -> 21396.7 | N5: =$V5-($V5-$L5)*(8/10) -> 21539.4 | O5: =$V5-($V5-$L5)*(7/10) -> 21682.1 | P5: =$V5-($V5-$L5)*(6/10) -> 21824.8 | Q5: =$V5-($V5-$L5)*(5/10) -> 21967.5 | R5: =$V5-($V5-$L5)*(4/10) -> 22110.2 | S5: =$V5-($V5-$L5)*(3/10) -> 22252.9 | T5: =$V5-($V5-$L5)*(2/10) -> 22395.6 | U5: =$V5-($V5-$L5)*(1/10) -> 22538.3 | V5: 22681 | W5: =$AF5-($AF5-$V5)*(9/10) -> 23000.4 | X5: =$AF5-($AF5-$V5)*(8/10) -> 23319.8 | Y5: =$AF5-($AF5-$V5)*(7/10) -> 23639.2 | Z5: =$AF5-($AF5-$V5)*(6/10) -> 23958.6 | AA5: =$AF5-($AF5-$V5)*(5/10) -> 24278 | AB5: =$AF5-($AF5-$V5)*(4/10) -> 24597.4 | AC5: =$AF5-($AF5-$V5)*(3/10) -> 24916.8 | AD5: =$AF5-($AF5-$V5)*(2/10) -> 25236.2 | AE5: =$AF5-($AF5-$V5)*(1/10) -> 25555.6 | AF5: 25875 | AG5: =$AP5-($AP5-$AF5)*(9/10) -> 26140.2 | AH5: =$AP5-($AP5-$AF5)*(8/10) -> 26405.4 | AI5: =$AP5-($AP5-$AF5)*(7/10) -> 26670.6 | AJ5: =$AP5-($AP5-$AF5)*(6/10) -> 26935.8 | AK5: =$AP5-($AP5-$AF5)*(5/10) -> 27201 | AL5: =$AP5-($AP5-$AF5)*(4/10) -> 27466.2 | AM5: =$AP5-($AP5-$AF5)*(3/10) -> 27731.4 | AN5: =$AP5-($AP5-$AF5)*(2/10) -> 27996.6 | AO5: =$AP5-($AP5-$AF5)*(1/10) -> 28261.8 | AP5: 28527 | AQ5: =AP5*(1+((AP5/AO5)-1)) -> 28794.689 | AR5: =AQ5*(1+((AQ5/AP5)-1)) -> 29064.889 | AS5: =AR5*(1+((AR5/AQ5)-1)) -> 29337.625 | AT5: =AS5*(1+((AS5/AR5)-1)) -> 29612.92 | AU5: =AT5*(1+((AT5/AS5)-1)) -> 29890.799 | AV5: =AU5*(1+((AU5/AT5)-1)) -> 30171.285 | AW5: =AV5*(1+((AV5/AU5)-1)) -> 30454.403 | AX5: =AW5*(1+((AW5/AV5)-1)) -> 30740.177 | AY5: =AX5*(1+((AX5/AW5)-1)) -> 31028.634
A6: Bluff | B6: 3279 | C6: =$L6-($L6-$B6)*(9/10) -> 3252.7 | D6: =$L6-($L6-$B6)*(8/10) -> 3226.4 | E6: =$L6-($L6-$B6)*(7/10) -> 3200.1 | F6: =$L6-($L6-$B6)*(6/10) -> 3173.8 | G6: =$L6-($L6-$B6)*(5/10) -> 3147.5 | H6: =$L6-($L6-$B6)*(4/10) -> 3121.2 | I6: =$L6-($L6-$B6)*(3/10) -> 3094.9 | J6: =$L6-($L6-$B6)*(2/10) -> 3068.6 | K6: =$L6-($L6-$B6)*(1/10) -> 3042.3 | L6: 3016 | M6: =$V6-($V6-$L6)*(9/10) -> 2968.1 | N6: =$V6-($V6-$L6)*(8/10) -> 2920.2 | O6: =$V6-($V6-$L6)*(7/10) -> 2872.3 | P6: =$V6-($V6-$L6)*(6/10) -> 2824.4 | Q6: =$V6-($V6-$L6)*(5/10) -> 2776.5 | R6: =$V6-($V6-$L6)*(4/10) -> 2728.6 | S6: =$V6-($V6-$L6)*(3/10) -> 2680.7 | T6: =$V6-($V6-$L6)*(2/10) -> 2632.8 | U6: =$V6-($V6-$L6)*(1/10) -> 2584.9 | V6: 2537 | W6: =$AF6-($AF6-$V6)*(9/10) -> 2484.4 | X6: =$AF6-($AF6-$V6)*(8/10) -> 2431.8 | Y6: =$AF6-($AF6-$V6)*(7/10) -> 2379.2 | Z6: =$AF6-($AF6-$V6)*(6/10) -> 2326.6 | AA6: =$AF6-($AF6-$V6)*(5/10) -> 2274 | AB6: =$AF6-($AF6-$V6)*(4/10) -> 2221.4 | AC6: =$AF6-($AF6-$V6)*(3/10) -> 2168.8 | AD6: =$AF6-($AF6-$V6)*(2/10) -> 2116.2 | AE6: =$AF6-($AF6-$V6)*(1/10) -> 2063.6 | AF6: 2011 | AG6: =$AP6-($AP6-$AF6)*(9/10) -> 1974.3 | AH6: =$AP6-($AP6-$AF6)*(8/10) -> 1937.6 | AI6: =$AP6-($AP6-$AF6)*(7/10) -> 1900.9 | AJ6: =$AP6-($AP6-$AF6)*(6/10) -> 1864.2 | AK6: =$AP6-($AP6-$AF6)*(5/10) -> 1827.5 | AL6: =$AP6-($AP6-$AF6)*(4/10) -> 1790.8 | AM6: =$AP6-($AP6-$AF6)*(3/10) -> 1754.1 | AN6: =$AP6-($AP6-$AF6)*(2/10) -> 1717.4 | AO6: =$AP6-($AP6-$AF6)*(1/10) -> 1680.7 | AP6: 1644 | AQ6: =AP6*(1+((AP6/AO6)-1)) -> 1608.1014 | AR6: =AQ6*(1+((AQ6/AP6)-1)) -> 1572.9867 | AS6: =AR6*(1+((AR6/AQ6)-1)) -> 1538.6387 | AT6: =AS6*(1+((AS6/AR6)-1)) -> 1505.0408 | AU6: =AT6*(1+((AT6/AS6)-1)) -> 1472.1765 | AV6: =AU6*(1+((AU6/AT6)-1)) -> 1440.0298 | AW6: =AV6*(1+((AV6/AU6)-1)) -> 1408.5851 | AX6: =AW6*(1+((AW6/AV6)-1)) -> 1377.8271 | AY6: =AX6*(1+((AX6/AW6)-1)) -> 1347.7407
A7: Cambridge | B7: 5962 | C7: =$L7-($L7-$B7)*(9/10) -> 6149.9 | D7: =$L7-($L7-$B7)*(8/10) -> 6337.8 | E7: =$L7-($L7-$B7)*(7/10) -> 6525.7 | F7: =$L7-($L7-$B7)*(6/10) -> 6713.6 | G7: =$L7-($L7-$B7)*(5/10) -> 6901.5 | H7: =$L7-($L7-$B7)*(4/10) -> 7089.4 | I7: =$L7-($L7-$B7)*(3/10) -> 7277.3 | J7: =$L7-($L7-$B7)*(2/10) -> 7465.2 | K7: =$L7-($L7-$B7)*(1/10) -> 7653.1 | L7: 7841 | M7: =$V7-($V7-$L7)*(9/10) -> 8071.4 | N7: =$V7-($V7-$L7)*(8/10) -> 8301.8 | O7: =$V7-($V7-$L7)*(7/10) -> 8532.2 | P7: =$V7-($V7-$L7)*(6/10) -> 8762.6 | Q7: =$V7-($V7-$L7)*(5/10) -> 8993 | R7: =$V7-($V7-$L7)*(4/10) -> 9223.4 | S7: =$V7-($V7-$L7)*(3/10) -> 9453.8 | T7: =$V7-($V7-$L7)*(2/10) -> 9684.2 | U7: =$V7-($V7-$L7)*(1/10) -> 9914.6 | V7: 10145 | W7: =$AF7-($AF7-$V7)*(9/10) -> 10272.3 | X7: =$AF7-($AF7-$V7)*(8/10) -> 10399.6 | Y7: =$AF7-($AF7-$V7)*(7/10) -> 10526.9 | Z7: =$AF7-($AF7-$V7)*(6/10) -> 10654.2 | AA7: =$AF7-($AF7-$V7)*(5/10) -> 10781.5 | AB7: =$AF7-($AF7-$V7)*(4/10) -> 10908.8 | AC7: =$AF7-($AF7-$V7)*(3/10) -> 11036.1 | AD7: =$AF7-($AF7-$V7)*(2/10) -> 11163.4 | AE7: =$AF7-($AF7-$V7)*(1/10) -> 11290.7 | AF7: 11418 | AG7: =$AP7-($AP7-$AF7)*(9/10) -> 11530.9 | AH7: =$AP7-($AP7-$AF7)*(8/10) -> 11643.8 | AI7: =$AP7-($AP7-$AF7)*(7/10) -> 11756.7 | AJ7: =$AP7-($AP7-$AF7)*(6/10) -> 11869.6 | AK7: =$AP7-($AP7-$AF7)*(5/10) -> 11982.5 | AL7: =$AP7-($AP7-$AF7)*(4/10) -> 12095.4 | AM7: =$AP7-($AP7-$AF7)*(3/10) -> 12208.3 | AN7: =$AP7-($AP7-$AF7)*(2/10) -> 12321.2 | AO7: =$AP7-($AP7-$AF7)*(1/10) -> 12434.1 | AP7: 12547 | AQ7: =AP7*(1+((AP7/AO7)-1)) -> 12660.925 | AR7: =AQ7*(1+((AQ7/AP7)-1)) -> 12775.885 | AS7: =AR7*(1+((AR7/AQ7)-1)) -> 12891.888 | AT7: =AS7*(1+((AS7/AR7)-1)) -> 13008.945 | AU7: =AT7*(1+((AT7/AS7)-1)) -> 13127.064 | AV7: =AU7*(1+((AU7/AT7)-1)) -> 13246.256 | AW7: =AV7*(1+((AV7/AU7)-1)) -> 13366.53 | AX7: =AW7*(1+((AW7/AV7)-1)) -> 13487.897 | AY7: =AX7*(1+((AX7/AW7)-1)) -> 13610.365
A8: Carterton | B8: 3536 | C8: =$L8-($L8-$B8)*(9/10) -> 3580.9 | D8: =$L8-($L8-$B8)*(8/10) -> 3625.8 | E8: =$L8-($L8-$B8)*(7/10) -> 3670.7 | F8: =$L8-($L8-$B8)*(6/10) -> 3715.6 | G8: =$L8-($L8-$B8)*(5/10) -> 3760.5 | H8: =$L8-($L8-$B8)*(4/10) -> 3805.4 | I8: =$L8-($L8-$B8)*(3/10) -> 3850.3 | J8: =$L8-($L8-$B8)*(2/10) -> 3895.2 | K8: =$L8-($L8-$B8)*(1/10) -> 3940.1 | L8: 3985 | M8: =$V8-($V8-$L8)*(9/10) -> 3976.7 | N8: =$V8-($V8-$L8)*(8/10) -> 3968.4 | O8: =$V8-($V8-$L8)*(7/10) -> 3960.1 | P8: =$V8-($V8-$L8)*(6/10) -> 3951.8 | Q8: =$V8-($V8-$L8)*(5/10) -> 3943.5 | R8: =$V8-($V8-$L8)*(4/10) -> 3935.2 | S8: =$V8-($V8-$L8)*(3/10) -> 3926.9 | T8: =$V8-($V8-$L8)*(2/10) -> 3918.6 | U8: =$V8-($V8-$L8)*(1/10) -> 3910.3 | V8: 3902 | W8: =$AF8-($AF8-$V8)*(9/10) -> 3908.6 | X8: =$AF8-($AF8-$V8)*(8/10) -> 3915.2 | Y8: =$AF8-($AF8-$V8)*(7/10) -> 3921.8 | Z8: =$AF8-($AF8-$V8)*(6/10) -> 3928.4 | AA8: =$AF8-($AF8-$V8)*(5/10) -> 3935 | AB8: =$AF8-($AF8-$V8)*(4/10) -> 3941.6 | AC8: =$AF8-($AF8-$V8)*(3/10) -> 3948.2 | AD8: =$AF8-($AF8-$V8)*(2/10) -> 3954.8 | AE8: =$AF8-($AF8-$V8)*(1/10) -> 3961.4 | AF8: 3968 | AG8: =$AP8-($AP8-$AF8)*(9/10) -> 3958.9 | AH8: =$AP8-($AP8-$AF8)*(8/10) -> 3949.8 | AI8: =$AP8-($AP8-$AF8)*(7/10) -> 3940.7 | AJ8: =$AP8-($AP8-$AF8)*(6/10) -> 3931.6 | AK8: =$AP8-($AP8-$AF8)*(5/10) -> 3922.5 | AL8: =$AP8-($AP8-$AF8)*(4/10) -> 3913.4 | AM8: =$AP8-($AP8-$AF8)*(3/10) -> 3904.3 | AN8: =$AP8-($AP8-$AF8)*(2/10) -> 3895.2 | AO8: =$AP8-($AP8-$AF8)*(1/10) -> 3886.1 | AP8: 3877 | AQ8: =AP8*(1+((AP8/AO8)-1)) -> 3867.9213 | AR8: =AQ8*(1+((AQ8/AP8)-1)) -> 3858.8639 | AS8: =AR8*(1+((AR8/AQ8)-1)) -> 3849.8277 | AT8: =AS8*(1+((AS8/AR8)-1)) -> 3840.8126 | AU8: =AT8*(1+((AT8/AS8)-1)) -> 3831.8186 | AV8: =AU8*(1+((AU8/AT8)-1)) -> 3822.8458 | AW8: =AV8*(1+((AV8/AU8)-1)) -> 3813.8939 | AX8: =AW8*(1+((AW8/AV8)-1)) -> 3804.963 | AY8: =AX8*(1+((AX8/AW8)-1)) -> 3796.053
A9: Christchurch | B9: 247248 | C9: =$L9-($L9-$B9)*(9/10) -> 252052.8 | D9: =$L9-($L9-$B9)*(8/10) -> 256857.6 | E9: =$L9-($L9-$B9)*(7/10) -> 261662.4 | F9: =$L9-($L9-$B9)*(6/10) -> 266467.2 | G9: =$L9-($L9-$B9)*(5/10) -> 271272 | H9: =$L9-($L9-$B9)*(4/10) -> 276076.8 | I9: =$L9-($L9-$B9)*(3/10) -> 280881.6 | J9: =$L9-($L9-$B9)*(2/10) -> 285686.4 | K9: =$L9-($L9-$B9)*(1/10) -> 290491.2 | L9: 295296 | M9: =$V9-($V9-$L9)*(9/10) -> 295703.7 | N9: =$V9-($V9-$L9)*(8/10) -> 296111.4 | O9: =$V9-($V9-$L9)*(7/10) -> 296519.1 | P9: =$V9-($V9-$L9)*(6/10) -> 296926.8 | Q9: =$V9-($V9-$L9)*(5/10) -> 297334.5 | R9: =$V9-($V9-$L9)*(4/10) -> 297742.2 | S9: =$V9-($V9-$L9)*(3/10) -> 298149.9 | T9: =$V9-($V9-$L9)*(2/10) -> 298557.6 | U9: =$V9-($V9-$L9)*(1/10) -> 298965.3 | V9: 299373 | W9: =$AF9-($AF9-$V9)*(9/10) -> 302580 | X9: =$AF9-($AF9-$V9)*(8/10) -> 305787 | Y9: =$AF9-($AF9-$V9)*(7/10) -> 308994 | Z9: =$AF9-($AF9-$V9)*(6/10) -> 312201 | AA9: =$AF9-($AF9-$V9)*(5/10) -> 315408 | AB9: =$AF9-($AF9-$V9)*(4/10) -> 318615 | AC9: =$AF9-($AF9-$V9)*(3/10) -> 321822 | AD9: =$AF9-($AF9-$V9)*(2/10) -> 325029 | AE9: =$AF9-($AF9-$V9)*(1/10) -> 328236 | AF9: 331443 | AG9: =$AP9-($AP9-$AF9)*(9/10) -> 334375.5 | AH9: =$AP9-($AP9-$AF9)*(8/10) -> 337308 | AI9: =$AP9-($AP9-$AF9)*(7/10) -> 340240.5 | AJ9: =$AP9-($AP9-$AF9)*(6/10) -> 343173 | AK9: =$AP9-($AP9-$AF9)*(5/10) -> 346105.5 | AL9: =$AP9-($AP9-$AF9)*(4/10) -> 349038 | AM9: =$AP9-($AP9-$AF9)*(3/10) -> 351970.5 | AN9: =$AP9-($AP9-$AF9)*(2/10) -> 354903 | AO9: =$AP9-($AP9-$AF9)*(1/10) -> 357835.5 | AP9: 360768 | AQ9: =AP9*(1+((AP9/AO9)-1)) -> 363724.53 | AR9: =AQ9*(1+((AQ9/AP9)-1)) -> 366705.29 | AS9: =AR9*(1+((AR9/AQ9)-1)) -> 369710.48 | AT9: =AS9*(1+((AS9/AR9)-1)) -> 372740.3 | AU9: =AT9*(1+((AT9/AS9)-1)) -> 375794.95 | AV9: =AU9*(1+((AU9/AT9)-1)) -> 378874.63 | AW9: =AV9*(1+((AV9/AU9)-1)) -> 381979.54 | AX9: =AW9*(1+((AW9/AV9)-1)) -> 385109.91 | AY9: =AX9*(1+((AX9/AW9)-1)) -> 388265.92
A10: Dannevirke | B10: 5728 | C10: =$L10-($L10-$B10)*(9/10) -> 5719 | D10: =$L10-($L10-$B10)*(8/10) -> 5710 | E10: =$L10-($L10-$B10)*(7/10) -> 5701 | F10: =$L10-($L10-$B10)*(6/10) -> 5692 | G10: =$L10-($L10-$B10)*(5/10) -> 5683 | H10: =$L10-($L10-$B10)*(4/10) -> 5674 | I10: =$L10-($L10-$B10)*(3/10) -> 5665 | J10: =$L10-($L10-$B10)*(2/10) -> 5656 | K10: =$L10-($L10-$B10)*(1/10) -> 5647 | L10: 5638 | M10: =$V10-($V10-$L10)*(9/10) -> 5661.5 | N10: =$V10-($V10-$L10)*(8/10) -> 5685 | O10: =$V10-($V10-$L10)*(7/10) -> 5708.5 | P10: =$V10-($V10-$L10)*(6/10) -> 5732 | Q10: =$V10-($V10-$L10)*(5/10) -> 5755.5 | R10: =$V10-($V10-$L10)*(4/10) -> 5779 | S10: =$V10-($V10-$L10)*(3/10) -> 5802.5 | T10: =$V10-($V10-$L10)*(2/10) -> 5826 | U10: =$V10-($V10-$L10)*(1/10) -> 5849.5 | V10: 5873 | W10: =$AF10-($AF10-$V10)*(9/10) -> 5820.1 | X10: =$AF10-($AF10-$V10)*(8/10) -> 5767.2 | Y10: =$AF10-($AF10-$V10)*(7/10) -> 5714.3 | Z10: =$AF10-($AF10-$V10)*(6/10) -> 5661.4 | AA10: =$AF10-($AF10-$V10)*(5/10) -> 5608.5 | AB10: =$AF10-($AF10-$V10)*(4/10) -> 5555.6 | AC10: =$AF10-($AF10-$V10)*(3/10) -> 5502.7 | AD10: =$AF10-($AF10-$V10)*(2/10) -> 5449.8 | AE10: =$AF10-($AF10-$V10)*(1/10) -> 5396.9 | AF10: 5344 | AG10: =$AP10-($AP10-$AF10)*(9/10) -> 5322 | AH10: =$AP10-($AP10-$AF10)*(8/10) -> 5300 | AI10: =$AP10-($AP10-$AF10)*(7/10) -> 5278 | AJ10: =$AP10-($AP10-$AF10)*(6/10) -> 5256 | AK10: =$AP10-($AP10-$AF10)*(5/10) -> 5234 | AL10: =$AP10-($AP10-$AF10)*(4/10) -> 5212 | AM10: =$AP10-($AP10-$AF10)*(3/10) -> 5190 | AN10: =$AP10-($AP10-$AF10)*(2/10) -> 5168 | AO10: =$AP10-($AP10-$AF10)*(1/10) -> 5146 | AP10: 5124 | AQ10: =AP10*(1+((AP10/AO10)-1)) -> 5102.0941 | AR10: =AQ10*(1+((AQ10/AP10)-1)) -> 5080.2818 | AS10: =AR10*(1+((AR10/AQ10)-1)) -> 5058.5627 | AT10: =AS10*(1+((AS10/AR10)-1)) -> 5036.9365 | AU10: =AT10*(1+((AT10/AS10)-1)) -> 5015.4028 | AV10: =AU10*(1+((AU10/AT10)-1)) -> 4993.9611 | AW10: =AV10*(1+((AV10/AU10)-1)) -> 4972.6111 | AX10: =AW10*(1+((AW10/AV10)-1)) -> 4951.3524 | AY10: =AX10*(1+((AX10/AW10)-1)) -> 4930.1845
A11: Dargaville | B11: 3902 | C11: =$L11-($L11-$B11)*(9/10) -> 3967.7 | D11: =$L11-($L11-$B11)*(8/10) -> 4033.4 | E11: =$L11-($L11-$B11)*(7/10) -> 4099.1 | F11: =$L11-($L11-$B11)*(6/10) -> 4164.8 | G11: =$L11-($L11-$B11)*(5/10) -> 4230.5 | H11: =$L11-($L11-$B11)*(4/10) -> 4296.2 | I11: =$L11-($L11-$B11)*(3/10) -> 4361.9 | J11: =$L11-($L11-$B11)*(2/10) -> 4427.6 | K11: =$L11-($L11-$B11)*(1/10) -> 4493.3 | L11: 4559 | M11: =$V11-($V11-$L11)*(9/10) -> 4589 | N11: =$V11-($V11-$L11)*(8/10) -> 4619 | O11: =$V11-($V11-$L11)*(7/10) -> 4649 | P11: =$V11-($V11-$L11)*(6/10) -> 4679 | Q11: =$V11-($V11-$L11)*(5/10) -> 4709 | R11: =$V11-($V11-$L11)*(4/10) -> 4739 | S11: =$V11-($V11-$L11)*(3/10) -> 4769 | T11: =$V11-($V11-$L11)*(2/10) -> 4799 | U11: =$V11-($V11-$L11)*(1/10) -> 4829 | V11: 4859 | W11: =$AF11-($AF11-$V11)*(9/10) -> 4820.1 | X11: =$AF11-($AF11-$V11)*(8/10) -> 4781.2 | Y11: =$AF11-($AF11-$V11)*(7/10) -> 4742.3 | Z11: =$AF11-($AF11-$V11)*(6/10) -> 4703.4 | AA11: =$AF11-($AF11-$V11)*(5/10) -> 4664.5 | AB11: =$AF11-($AF11-$V11)*(4/10) -> 4625.6 | AC11: =$AF11-($AF11-$V11)*(3/10) -> 4586.7 | AD11: =$AF11-($AF11-$V11)*(2/10) -> 4547.8 | AE11: =$AF11-($AF11-$V11)*(1/10) -> 4508.9 | AF11: 4470 | AG11: =$AP11-($AP11-$AF11)*(9/10) -> 4445.8 | AH11: =$AP11-($AP11-$AF11)*(8/10) -> 4421.6 | AI11: =$AP11-($AP11-$AF11)*(7/10) -> 4397.4 | AJ11: =$AP11-($AP11-$AF11)*(6/10) -> 4373.2 | AK11: =$AP11-($AP11-$AF11)*(5/10) -> 4349 | AL11: =$AP11-($AP11-$AF11)*(4/10) -> 4324.8 | AM11: =$AP11-($AP11-$AF11)*(3/10) -> 4300.6 | AN11: =$AP11-($AP11-$AF11)*(2/10) -> 4276.4 | AO11: =$AP11-($AP11-$AF11)*(1/10) -> 4252.2 | AP11: 4228 | AQ11: =AP11*(1+((AP11/AO11)-1)) -> 4203.9377 | AR11: =AQ11*(1+((AQ11/AP11)-1)) -> 4180.0124 | AS11: =AR11*(1+((AR11/AQ11)-1)) -> 4156.2232 | AT11: =AS11*(1+((AS11/AR11)-1)) -> 4132.5694 | AU11: =AT11*(1+((AT11/AS11)-1)) -> 4109.0503 | AV11: =AU11*(1+((AU11/AT11)-1)) -> 4085.665 | AW11: =AV11*(1+((AV11/AU11)-1)) -> 4062.4128 | AX11: =AW11*(1+((AW11/AV11)-1)) -> 4039.2929 | AY11: =AX11*(1+((AX11/AW11)-1)) -> 4016.3046
A12: Dunedin | B12: 108734 | C12: =$L12-($L12-$B12)*(9/10) -> 109182.8 | D12: =$L12-($L12-$B12)*(8/10) -> 109631.6 | E12: =$L12-($L12-$B12)*(7/10) -> 110080.4 | F12: =$L12-($L12-$B12)*(6/10) -> 110529.2 | G12: =$L12-($L12-$B12)*(5/10) -> 110978 | H12: =$L12-($L12-$B12)*(4/10) -> 111426.8 | I12: =$L12-($L12-$B12)*(3/10) -> 111875.6 | J12: =$L12-($L12-$B12)*(2/10) -> 112324.4 | K12: =$L12-($L12-$B12)*(1/10) -> 112773.2 | L12: 113222 | M12: =$V12-($V12-$L12)*(9/10) -> 112786.2 | N12: =$V12-($V12-$L12)*(8/10) -> 112350.4 | O12: =$V12-($V12-$L12)*(7/10) -> 111914.6 | P12: =$V12-($V12-$L12)*(6/10) -> 111478.8 | Q12: =$V12-($V12-$L12)*(5/10) -> 111043 | R12: =$V12-($V12-$L12)*(4/10) -> 110607.2 | S12: =$V12-($V12-$L12)*(3/10) -> 110171.4 | T12: =$V12-($V12-$L12)*(2/10) -> 109735.6 | U12: =$V12-($V12-$L12)*(1/10) -> 109299.8 | V12: 108864 | W12: =$AF12-($AF12-$V12)*(9/10) -> 109205.5 | X12: =$AF12-($AF12-$V12)*(8/10) -> 109547 | Y12: =$AF12-($AF12-$V12)*(7/10) -> 109888.5 | Z12: =$AF12-($AF12-$V12)*(6/10) -> 110230 | AA12: =$AF12-($AF12-$V12)*(5/10) -> 110571.5 | AB12: =$AF12-($AF12-$V12)*(4/10) -> 110913 | AC12: =$AF12-($AF12-$V12)*(3/10) -> 111254.5 | AD12: =$AF12-($AF12-$V12)*(2/10) -> 111596 | AE12: =$AF12-($AF12-$V12)*(1/10) -> 111937.5 | AF12: 112279 | AG12: =$AP12-($AP12-$AF12)*(9/10) -> 112150.8 | AH12: =$AP12-($AP12-$AF12)*(8/10) -> 112022.6 | AI12: =$AP12-($AP12-$AF12)*(7/10) -> 111894.4 | AJ12: =$AP12-($AP12-$AF12)*(6/10) -> 111766.2 | AK12: =$AP12-($AP12-$AF12)*(5/10) -> 111638 | AL12: =$AP12-($AP12-$AF12)*(4/10) -> 111509.8 | AM12: =$AP12-($AP12-$AF12)*(3/10) -> 111381.6 | AN12: =$AP12-($AP12-$AF12)*(2/10) -> 111253.4 | AO12: =$AP12-($AP12-$AF12)*(1/10) -> 111125.2 | AP12: 110997 | AQ12: =AP12*(1+((AP12/AO12)-1)) -> 110868.95 | AR12: =AQ12*(1+((AQ12/AP12)-1)) -> 110741.04 | AS12: =AR12*(1+((AR12/AQ12)-1)) -> 110613.29 | AT12: =AS12*(1+((AS12/AR12)-1)) -> 110485.68 | AU12: =AT12*(1+((AT12/AS12)-1)) -> 110358.22 | AV12: =AU12*(1+((AU12/AT12)-1)) -> 110230.9 | AW12: =AV12*(1+((AV12/AU12)-1)) -> 110103.73 | AX12: =AW12*(1+((AW12/AV12)-1)) -> 109976.71 | AY12: =AX12*(1+((AX12/AW12)-1)) -> 109849.83
A13: Eltham | B13: 2319 | C13: =$L13-($L13-$B13)*(9/10) -> 2320.5 | D13: =$L13-($L13-$B13)*(8/10) -> 2322 | E13: =$L13-($L13-$B13)*(7/10) -> 2323.5 | F13: =$L13-($L13-$B13)*(6/10) -> 2325 | G13: =$L13-($L13-$B13)*(5/10) -> 2326.5 | H13: =$L13-($L13-$B13)*(4/10) -> 2328 | I13: =$L13-($L13-$B13)*(3/10) -> 2329.5 | J13: =$L13-($L13-$B13)*(2/10) -> 2331 | K13: =$L13-($L13-$B13)*(1/10) -> 2332.5 | L13: 2334 | M13: =$V13-($V13-$L13)*(9/10) -> 2329.4 | N13: =$V13-($V13-$L13)*(8/10) -> 2324.8 | O13: =$V13-($V13-$L13)*(7/10) -> 2320.2 | P13: =$V13-($V13-$L13)*(6/10) -> 2315.6 | Q13: =$V13-($V13-$L13)*(5/10) -> 2311 | R13: =$V13-($V13-$L13)*(4/10) -> 2306.4 | S13: =$V13-($V13-$L13)*(3/10) -> 2301.8 | T13: =$V13-($V13-$L13)*(2/10) -> 2297.2 | U13: =$V13-($V13-$L13)*(1/10) -> 2292.6 | V13: 2288 | W13: =$AF13-($AF13-$V13)*(9/10) -> 2244.3 | X13: =$AF13-($AF13-$V13)*(8/10) -> 2200.6 | Y13: =$AF13-($AF13-$V13)*(7/10) -> 2156.9 | Z13: =$AF13-($AF13-$V13)*(6/10) -> 2113.2 | AA13: =$AF13-($AF13-$V13)*(5/10) -> 2069.5 | AB13: =$AF13-($AF13-$V13)*(4/10) -> 2025.8 | AC13: =$AF13-($AF13-$V13)*(3/10) -> 1982.1 | AD13: =$AF13-($AF13-$V13)*(2/10) -> 1938.4 | AE13: =$AF13-($AF13-$V13)*(1/10) -> 1894.7 | AF13: 1851 | AG13: =$AP13-($AP13-$AF13)*(9/10) -> 1833.7 | AH13: =$AP13-($AP13-$AF13)*(8/10) -> 1816.4 | AI13: =$AP13-($AP13-$AF13)*(7/10) -> 1799.1 | AJ13: =$AP13-($AP13-$AF13)*(6/10) -> 1781.8 | AK13: =$AP13-($AP13-$AF13)*(5/10) -> 1764.5 | AL13: =$AP13-($AP13-$AF13)*(4/10) -> 1747.2 | AM13: =$AP13-($AP13-$AF13)*(3/10) -> 1729.9 | AN13: =$AP13-($AP13-$AF13)*(2/10) -> 1712.6 | AO13: =$AP13-($AP13-$AF13)*(1/10) -> 1695.3 | AP13: 1678 | AQ13: =AP13*(1+((AP13/AO13)-1)) -> 1660.8765 | AR13: =AQ13*(1+((AQ13/AP13)-1)) -> 1643.9278 | AS13: =AR13*(1+((AR13/AQ13)-1)) -> 1627.1521 | AT13: =AS13*(1+((AS13/AR13)-1)) -> 1610.5475 | AU13: =AT13*(1+((AT13/AS13)-1)) -> 1594.1124 | AV13: =AU13*(1+((AU13/AT13)-1)) -> 1577.8449 | AW13: =AV13*(1+((AV13/AU13)-1)) -> 1561.7435 | AX13: =AW13*(1+((AW13/AV13)-1)) -> 1545.8064 | AY13: =AX13*(1+((AX13/AW13)-1)) -> 1530.032
... A25: Kaitangata | B25: 1208 | C25: =$L25-($L25-$B25)*(9/10) -> 1199.2 | D25: =$L25-($L25-$B25)*(8/10) -> 1190.4 | E25: =$L25-($L25-$B25)*(7/10) -> 1181.6 | F25: =$L25-($L25-$B25)*(6/10) -> 1172.8 | G25: =$L25-($L25-$B25)*(5/10) -> 1164 | H25: =$L25-($L25-$B25)*(4/10) -> 1155.2 | I25: =$L25-($L25-$B25)*(3/10) -> 1146.4 | J25: =$L25-($L25-$B25)*(2/10) -> 1137.6 | K25: =$L25-($L25-$B25)*(1/10) -> 1128.8 | L25: 1120 | M25: =$V25-($V25-$L25)*(9/10) -> 1105.2 | N25: =$V25-($V25-$L25)*(8/10) -> 1090.4 | O25: =$V25-($V25-$L25)*(7/10) -> 1075.6 | P25: =$V25-($V25-$L25)*(6/10) -> 1060.8 | Q25: =$V25-($V25-$L25)*(5/10) -> 1046 | R25: =$V25-($V25-$L25)*(4/10) -> 1031.2 | S25: =$V25-($V25-$L25)*(3/10) -> 1016.4 | T25: =$V25-($V25-$L25)*(2/10) -> 1001.6 | U25: =$V25-($V25-$L25)*(1/10) -> 986.8 | V25: 972 | W25: =$AF25-($AF25-$V25)*(9/10) -> 962 | X25: =$AF25-($AF25-$V25)*(8/10) -> 952 | Y25: =$AF25-($AF25-$V25)*(7/10) -> 942 | Z25: =$AF25-($AF25-$V25)*(6/10) -> 932 | AA25: =$AF25-($AF25-$V25)*(5/10) -> 922 | AB25: =$AF25-($AF25-$V25)*(4/10) -> 912 | AC25: =$AF25-($AF25-$V25)*(3/10) -> 902 | AD25: =$AF25-($AF25-$V25)*(2/10) -> 892 | AE25: =$AF25-($AF25-$V25)*(1/10) -> 882 | AF25: 872 | AG25: =$AP25-($AP25-$AF25)*(9/10) -> 864.2 | AH25: =$AP25-($AP25-$AF25)*(8/10) -> 856.4 | AI25: =$AP25-($AP25-$AF25)*(7/10) -> 848.6 | AJ25: =$AP25-($AP25-$AF25)*(6/10) -> 840.8 | AK25: =$AP25-($AP25-$AF25)*(5/10) -> 833 | AL25: =$AP25-($AP25-$AF25)*(4/10) -> 825.2 | AM25: =$AP25-($AP25-$AF25)*(3/10) -> 817.4 | AN25: =$AP25-($AP25-$AF25)*(2/10) -> 809.6 | AO25: =$AP25-($AP25-$AF25)*(1/10) -> 801.8 | AP25: 794 | AQ25: =AP25*(1+((AP25/AO25)-1)) -> 786.27588 | AR25: =AQ25*(1+((AQ25/AP25)-1)) -> 778.6269 | AS25: =AR25*(1+((AR25/AQ25)-1)) -> 771.05233 | AT25: =AS25*(1+((AS25/AR25)-1)) -> 763.55145 | AU25: =AT25*(1+((AT25/AS25)-1)) -> 756.12353 | AV25: =AU25*(1+((AU25/AT25)-1)) -> 748.76788 | AW25: =AV25*(1+((AV25/AU25)-1)) -> 741.48378 | AX25: =AW25*(1+((AW25/AV25)-1)) -> 734.27054 | AY25: =AX25*(1+((AX25/AW25)-1)) -> 727.12748
A26: Kapiti | B26: =C26/(1+((D26/C26)-1)) -> 8768.5104 | C26: =D26/(1+((E26/D26)-1)) -> 9250.4768 | D26: =E26/(1+((F26/E26)-1)) -> 9758.9349 | E26: =F26/(1+((G26/F26)-1)) -> 10295.341 | F26: =G26/(1+((H26/G26)-1)) -> 10861.23 | G26: =H26/(1+((I26/H26)-1)) -> 11458.224 | H26: =I26/(1+((J26/I26)-1)) -> 12088.033 | I26: =J26/(1+((K26/J26)-1)) -> 12752.459 | ... K26: =L26/(1+((M26/L26)-1)) -> 14192.88 | L26: 14973 | M26: =$V26-($V26-$L26)*(9/10) -> 15796 | N26: =$V26-($V26-$L26)*(8/10) -> 16619 | O26: =$V26-($V26-$L26)*(7/10) -> 17442 | P26: =$V26-($V26-$L26)*(6/10) -> 18265 | Q26: =$V26-($V26-$L26)*(5/10) -> 19088 | R26: =$V26-($V26-$L26)*(4/10) -> 19911 | S26: =$V26-($V26-$L26)*(3/10) -> 20734 | T26: =$V26-($V26-$L26)*(2/10) -> 21557 | U26: =$V26-($V26-$L26)*(1/10) -> 22380 | V26: 23203 | W26: =$AF26-($AF26-$V26)*(9/10) -> 23883.1 | X26: =$AF26-($AF26-$V26)*(8/10) -> 24563.2 | Y26: =$AF26-($AF26-$V26)*(7/10) -> 25243.3 | Z26: =$AF26-($AF26-$V26)*(6/10) -> 25923.4 | AA26: =$AF26-($AF26-$V26)*(5/10) -> 26603.5 | AB26: =$AF26-($AF26-$V26)*(4/10) -> 27283.6 | AC26: =$AF26-($AF26-$V26)*(3/10) -> 27963.7 | AD26: =$AF26-($AF26-$V26)*(2/10) -> 28643.8 | AE26: =$AF26-($AF26-$V26)*(1/10) -> 29323.9 | AF26: 30004 | AG26: =$AP26-($AP26-$AF26)*(9/10) -> 30738.3 | AH26: =$AP26-($AP26-$AF26)*(8/10) -> 31472.6 | AI26: =$AP26-($AP26-$AF26)*(7/10) -> 32206.9 | AJ26: =$AP26-($AP26-$AF26)*(6/10) -> 32941.2 | AK26: =$AP26-($AP26-$AF26)*(5/10) -> 33675.5 | AL26: =$AP26-($AP26-$AF26)*(4/10) -> 34409.8 | AM26: =$AP26-($AP26-$AF26)*(3/10) -> 35144.1 | AN26: =$AP26-($AP26-$AF26)*(2/10) -> 35878.4 | AO26: =$AP26-($AP26-$AF26)*(1/10) -> 36612.7 | AP26: 37347 | AQ26: =AP26*(1+((AP26/AO26)-1)) -> 38096.027 | AR26: =AQ26*(1+((AQ26/AP26)-1)) -> 38860.076 | AS26: =AR26*(1+((AR26/AQ26)-1)) -> 39639.45 | AT26: =AS26*(1+((AS26/AR26)-1)) -> 40434.454 | AU26: =AT26*(1+((AT26/AS26)-1)) -> 41245.402 | AV26: =AU26*(1+((AU26/AT26)-1)) -> 42072.615 | AW26: =AV26*(1+((AV26/AU26)-1)) -> 42916.419 | AX26: =AW26*(1+((AW26/AV26)-1)) -> 43777.145 | AY26: =AX26*(1+((AX26/AW26)-1)) -> 44655.135
A27: Levin | B27: 14069 | C27: =$L27-($L27-$B27)*(9/10) -> 14483.2 | D27: =$L27-($L27-$B27)*(8/10) -> 14897.4 | E27: =$L27-($L27-$B27)*(7/10) -> 15311.6 | F27: =$L27-($L27-$B27)*(6/10) -> 15725.8 | G27: =$L27-($L27-$B27)*(5/10) -> 16140 | H27: =$L27-($L27-$B27)*(4/10) -> 16554.2 | I27: =$L27-($L27-$B27)*(3/10) -> 16968.4 | J27: =$L27-($L27-$B27)*(2/10) -> 17382.6 | K27: =$L27-($L27-$B27)*(1/10) -> 17796.8 | L27: 18211 | M27: =$V27-($V27-$L27)*(9/10) -> 18286.1 | N27: =$V27-($V27-$L27)*(8/10) -> 18361.2 | O27: =$V27-($V27-$L27)*(7/10) -> 18436.3 | P27: =$V27-($V27-$L27)*(6/10) -> 18511.4 | Q27: =$V27-($V27-$L27)*(5/10) -> 18586.5 | R27: =$V27-($V27-$L27)*(4/10) -> 18661.6 | S27: =$V27-($V27-$L27)*(3/10) -> 18736.7 | T27: =$V27-($V27-$L27)*(2/10) -> 18811.8 | U27: =$V27-($V27-$L27)*(1/10) -> 18886.9 | V27: 18962 | W27: =$AF27-($AF27-$V27)*(9/10) -> 19001.6 | X27: =$AF27-($AF27-$V27)*(8/10) -> 19041.2 | Y27: =$AF27-($AF27-$V27)*(7/10) -> 19080.8 | Z27: =$AF27-($AF27-$V27)*(6/10) -> 19120.4 | AA27: =$AF27-($AF27-$V27)*(5/10) -> 19160 | AB27: =$AF27-($AF27-$V27)*(4/10) -> 19199.6 | AC27: =$AF27-($AF27-$V27)*(3/10) -> 19239.2 | AD27: =$AF27-($AF27-$V27)*(2/10) -> 19278.8 | AE27: =$AF27-($AF27-$V27)*(1/10) -> 19318.4 | AF27: 19358 | AG27: =$AP27-($AP27-$AF27)*(9/10) -> 19339.4 | AH27: =$AP27-($AP27-$AF27)*(8/10) -> 19320.8 | AI27: =$AP27-($AP27-$AF27)*(7/10) -> 19302.2 | AJ27: =$AP27-($AP27-$AF27)*(6/10) -> 19283.6 | AK27: =$AP27-($AP27-$AF27)*(5/10) -> 19265 | AL27: =$AP27-($AP27-$AF27)*(4/10) -> 19246.4 | AM27: =$AP27-($AP27-$AF27)*(3/10) -> 19227.8 | AN27: =$AP27-($AP27-$AF27)*(2/10) -> 19209.2 | AO27: =$AP27-($AP27-$AF27)*(1/10) -> 19190.6 | AP27: 19172 | AQ27: =AP27*(1+((AP27/AO27)-1)) -> 19153.418 | AR27: =AQ27*(1+((AQ27/AP27)-1)) -> 19134.854 | AS27: =AR27*(1+((AR27/AQ27)-1)) -> 19116.308 | AT27: =AS27*(1+((AS27/AR27)-1)) -> 19097.78 | AU27: =AT27*(1+((AT27/AS27)-1)) -> 19079.27 | AV27: =AU27*(1+((AU27/AT27)-1)) -> 19060.778 | AW27: =AV27*(1+((AV27/AU27)-1)) -> 19042.304 | AX27: =AW27*(1+((AW27/AV27)-1)) -> 19023.848 | AY27: =AX27*(1+((AX27/AW27)-1)) -> 19005.409
A28: Marton | B28: 4731 | C28: =$L28-($L28-$B28)*(9/10) -> 4748.9 | D28: =$L28-($L28-$B28)*(8/10) -> 4766.8 | E28: =$L28-($L28-$B28)*(7/10) -> 4784.7 | F28: =$L28-($L28-$B28)*(6/10) -> 4802.6 | G28: =$L28-($L28-$B28)*(5/10) -> 4820.5 | H28: =$L28-($L28-$B28)*(4/10) -> 4838.4 | I28: =$L28-($L28-$B28)*(3/10) -> 4856.3 | J28: =$L28-($L28-$B28)*(2/10) -> 4874.2 | K28: =$L28-($L28-$B28)*(1/10) -> 4892.1 | L28: 4910 | M28: =$V28-($V28-$L28)*(9/10) -> 4924.9 | N28: =$V28-($V28-$L28)*(8/10) -> 4939.8 | O28: =$V28-($V28-$L28)*(7/10) -> 4954.7 | P28: =$V28-($V28-$L28)*(6/10) -> 4969.6 | Q28: =$V28-($V28-$L28)*(5/10) -> 4984.5 | R28: =$V28-($V28-$L28)*(4/10) -> 4999.4 | S28: =$V28-($V28-$L28)*(3/10) -> 5014.3 | T28: =$V28-($V28-$L28)*(2/10) -> 5029.2 | U28: =$V28-($V28-$L28)*(1/10) -> 5044.1 | V28: 5059 | W28: =$AF28-($AF28-$V28)*(9/10) -> 5037.8 | X28: =$AF28-($AF28-$V28)*(8/10) -> 5016.6 | Y28: =$AF28-($AF28-$V28)*(7/10) -> 4995.4 | Z28: =$AF28-($AF28-$V28)*(6/10) -> 4974.2 | AA28: =$AF28-($AF28-$V28)*(5/10) -> 4953 | AB28: =$AF28-($AF28-$V28)*(4/10) -> 4931.8 | AC28: =$AF28-($AF28-$V28)*(3/10) -> 4910.6 | AD28: =$AF28-($AF28-$V28)*(2/10) -> 4889.4 | AE28: =$AF28-($AF28-$V28)*(1/10) -> 4868.2 | AF28: 4847 | AG28: =$AP28-($AP28-$AF28)*(9/10) -> 4784.9 | AH28: =$AP28-($AP28-$AF28)*(8/10) -> 4722.8 | AI28: =$AP28-($AP28-$AF28)*(7/10) -> 4660.7 | AJ28: =$AP28-($AP28-$AF28)*(6/10) -> 4598.6 | AK28: =$AP28-($AP28-$AF28)*(5/10) -> 4536.5 | AL28: =$AP28-($AP28-$AF28)*(4/10) -> 4474.4 | AM28: =$AP28-($AP28-$AF28)*(3/10) -> 4412.3 | AN28: =$AP28-($AP28-$AF28)*(2/10) -> 4350.2 | AO28: =$AP28-($AP28-$AF28)*(1/10) -> 4288.1 | AP28: 4226 | AQ28: =AP28*(1+((AP28/AO28)-1)) -> 4164.7993 | AR28: =AQ28*(1+((AQ28/AP28)-1)) -> 4104.485 | AS28: =AR28*(1+((AR28/AQ28)-1)) -> 4045.0441 | AT28: =AS28*(1+((AS28/AR28)-1)) -> 3986.464 | AU28: =AT28*(1+((AT28/AS28)-1)) -> 3928.7323 | AV28: =AU28*(1+((AU28/AT28)-1)) -> 3871.8366 | AW28: =AV28*(1+((AV28/AU28)-1)) -> 3815.7649 | AX28: =AW28*(1+((AW28/AV28)-1)) -> 3760.5052 | AY28: =AX28*(1+((AX28/AW28)-1)) -> 3706.0458
A29: Masterton | B29: 17596 | C29: =$L29-($L29-$B29)*(9/10) -> 17936.5 | D29: =$L29-($L29-$B29)*(8/10) -> 18277 | E29: =$L29-($L29-$B29)*(7/10) -> 18617.5 | F29: =$L29-($L29-$B29)*(6/10) -> 18958 | G29: =$L29-($L29-$B29)*(5/10) -> 19298.5 | H29: =$L29-($L29-$B29)*(4/10) -> 19639 | I29: =$L29-($L29-$B29)*(3/10) -> 19979.5 | J29: =$L29-($L29-$B29)*(2/10) -> 20320 | K29: =$L29-($L29-$B29)*(1/10) -> 20660.5 | L29: 21001 | M29: =$V29-($V29-$L29)*(9/10) -> 20836.2 | N29: =$V29-($V29-$L29)*(8/10) -> 20671.4 | O29: =$V29-($V29-$L29)*(7/10) -> 20506.6 | P29: =$V29-($V29-$L29)*(6/10) -> 20341.8 | Q29: =$V29-($V29-$L29)*(5/10) -> 20177 | R29: =$V29-($V29-$L29)*(4/10) -> 20012.2 | S29: =$V29-($V29-$L29)*(3/10) -> 19847.4 | T29: =$V29-($V29-$L29)*(2/10) -> 19682.6 | U29: =$V29-($V29-$L29)*(1/10) -> 19517.8 | V29: 19353 | W29: =$AF29-($AF29-$V29)*(9/10) -> 19386.3 | X29: =$AF29-($AF29-$V29)*(8/10) -> 19419.6 | Y29: =$AF29-($AF29-$V29)*(7/10) -> 19452.9 | Z29: =$AF29-($AF29-$V29)*(6/10) -> 19486.2 | AA29: =$AF29-($AF29-$V29)*(5/10) -> 19519.5 | AB29: =$AF29-($AF29-$V29)*(4/10) -> 19552.8 | AC29: =$AF29-($AF29-$V29)*(3/10) -> 19586.1 | AD29: =$AF29-($AF29-$V29)*(2/10) -> 19619.4 | AE29: =$AF29-($AF29-$V29)*(1/10) -> 19652.7 | AF29: 19686 | AG29: =$AP29-($AP29-$AF29)*(9/10) -> 19667.1 | AH29: =$AP29-($AP29-$AF29)*(8/10) -> 19648.2 | AI29: =$AP29-($AP29-$AF29)*(7/10) -> 19629.3 | AJ29: =$AP29-($AP29-$AF29)*(6/10) -> 19610.4 | AK29: =$AP29-($AP29-$AF29)*(5/10) -> 19591.5 | AL29: =$AP29-($AP29-$AF29)*(4/10) -> 19572.6 | AM29: =$AP29-($AP29-$AF29)*(3/10) -> 19553.7 | AN29: =$AP29-($AP29-$AF29)*(2/10) -> 19534.8 | AO29: =$AP29-($AP29-$AF29)*(1/10) -> 19515.9 | AP29: 19497 | AQ29: =AP29*(1+((AP29/AO29)-1)) -> 19478.118 | AR29: =AQ29*(1+((AQ29/AP29)-1)) -> 19459.255 | AS29: =AR29*(1+((AR29/AQ29)-1)) -> 19440.41 | AT29: =AS29*(1+((AS29/AR29)-1)) -> 19421.583 | AU29: =AT29*(1+((AT29/AS29)-1)) -> 19402.774 | AV29: =AU29*(1+((AU29/AT29)-1)) -> 19383.984 | AW29: =AV29*(1+((AV29/AU29)-1)) -> 19365.212 | AX29: =AW29*(1+((AW29/AV29)-1)) -> 19346.457 | AY29: =AX29*(1+((AX29/AW29)-1)) -> 19327.722
A30: Milton | B30: 1861 | C30: =$L30-($L30-$B30)*(9/10) -> 1896.7 | D30: =$L30-($L30-$B30)*(8/10) -> 1932.4 | E30: =$L30-($L30-$B30)*(7/10) -> 1968.1 | F30: =$L30-($L30-$B30)*(6/10) -> 2003.8 | G30: =$L30-($L30-$B30)*(5/10) -> 2039.5 | H30: =$L30-($L30-$B30)*(4/10) -> 2075.2 | I30: =$L30-($L30-$B30)*(3/10) -> 2110.9 | J30: =$L30-($L30-$B30)*(2/10) -> 2146.6 | K30: =$L30-($L30-$B30)*(1/10) -> 2182.3 | L30: 2218 | M30: =$V30-($V30-$L30)*(9/10) -> 2211.6 | N30: =$V30-($V30-$L30)*(8/10) -> 2205.2 | O30: =$V30-($V30-$L30)*(7/10) -> 2198.8 | P30: =$V30-($V30-$L30)*(6/10) -> 2192.4 | Q30: =$V30-($V30-$L30)*(5/10) -> 2186 | R30: =$V30-($V30-$L30)*(4/10) -> 2179.6 | S30: =$V30-($V30-$L30)*(3/10) -> 2173.2 | T30: =$V30-($V30-$L30)*(2/10) -> 2166.8 | U30: =$V30-($V30-$L30)*(1/10) -> 2160.4 | V30: 2154 | W30: =$AF30-($AF30-$V30)*(9/10) -> 2132.6 | X30: =$AF30-($AF30-$V30)*(8/10) -> 2111.2 | Y30: =$AF30-($AF30-$V30)*(7/10) -> 2089.8 | Z30: =$AF30-($AF30-$V30)*(6/10) -> 2068.4 | AA30: =$AF30-($AF30-$V30)*(5/10) -> 2047 | AB30: =$AF30-($AF30-$V30)*(4/10) -> 2025.6 | AC30: =$AF30-($AF30-$V30)*(3/10) -> 2004.2 | AD30: =$AF30-($AF30-$V30)*(2/10) -> 1982.8 | AE30: =$AF30-($AF30-$V30)*(1/10) -> 1961.4 | AF30: 1940 | AG30: =$AP30-($AP30-$AF30)*(9/10) -> 1922 | AH30: =$AP30-($AP30-$AF30)*(8/10) -> 1904 | AI30: =$AP30-($AP30-$AF30)*(7/10) -> 1886 | AJ30: =$AP30-($AP30-$AF30)*(6/10) -> 1868 | AK30: =$AP30-($AP30-$AF30)*(5/10) -> 1850 | AL30: =$AP30-($AP30-$AF30)*(4/10) -> 1832 | AM30: =$AP30-($AP30-$AF30)*(3/10) -> 1814 | AN30: =$AP30-($AP30-$AF30)*(2/10) -> 1796 | AO30: =$AP30-($AP30-$AF30)*(1/10) -> 1778 | AP30: 1760 | AQ30: =AP30*(1+((AP30/AO30)-1)) -> 1742.1822 | AR30: =AQ30*(1+((AQ30/AP30)-1)) -> 1724.5448 | AS30: =AR30*(1+((AR30/AQ30)-1)) -> 1707.086 | AT30: =AS30*(1+((AS30/AR30)-1)) -> 1689.8039 | AU30: =AT30*(1+((AT30/AS30)-1)) -> 1672.6968 | AV30: =AU30*(1+((AU30/AT30)-1)) -> 1655.7629 | AW30: =AV30*(1+((AV30/AU30)-1)) -> 1639.0003 | AX30: =AW30*(1+((AW30/AV30)-1)) -> 1622.4075 | AY30: =AX30*(1+((AX30/AW30)-1)) -> 1605.9827
A31: Morrinsville | B31: 4497 | C31: =$L31-($L31-$B31)*(9/10) -> 4525.6 | D31: =$L31-($L31-$B31)*(8/10) -> 4554.2 | E31: =$L31-($L31-$B31)*(7/10) -> 4582.8 | F31: =$L31-($L31-$B31)*(6/10) -> 4611.4 | G31: =$L31-($L31-$B31)*(5/10) -> 4640 | H31: =$L31-($L31-$B31)*(4/10) -> 4668.6 | I31: =$L31-($L31-$B31)*(3/10) -> 4697.2 | J31: =$L31-($L31-$B31)*(2/10) -> 4725.8 | K31: =$L31-($L31-$B31)*(1/10) -> 4754.4 | L31: 4783 | M31: =$V31-($V31-$L31)*(9/10) -> 4832.8 | N31: =$V31-($V31-$L31)*(8/10) -> 4882.6 | O31: =$V31-($V31-$L31)*(7/10) -> 4932.4 | P31: =$V31-($V31-$L31)*(6/10) -> 4982.2 | Q31: =$V31-($V31-$L31)*(5/10) -> 5032 | R31: =$V31-($V31-$L31)*(4/10) -> 5081.8 | S31: =$V31-($V31-$L31)*(3/10) -> 5131.6 | T31: =$V31-($V31-$L31)*(2/10) -> 5181.4 | U31: =$V31-($V31-$L31)*(1/10) -> 5231.2 | V31: 5281 | W31: =$AF31-($AF31-$V31)*(9/10) -> 5319.6 | X31: =$AF31-($AF31-$V31)*(8/10) -> 5358.2 | Y31: =$AF31-($AF31-$V31)*(7/10) -> 5396.8 | Z31: =$AF31-($AF31-$V31)*(6/10) -> 5435.4 | AA31: =$AF31-($AF31-$V31)*(5/10) -> 5474 | AB31: =$AF31-($AF31-$V31)*(4/10) -> 5512.6 | AC31: =$AF31-($AF31-$V31)*(3/10) -> 5551.2 | AD31: =$AF31-($AF31-$V31)*(2/10) -> 5589.8 | AE31: =$AF31-($AF31-$V31)*(1/10) -> 5628.4 | AF31: 5667 | AG31: =$AP31-($AP31-$AF31)*(9/10) -> 5708.6 | AH31: =$AP31-($AP31-$AF31)*(8/10) -> 5750.2 | AI31: =$AP31-($AP31-$AF31)*(7/10) -> 5791.8 | AJ31: =$AP31-($AP31-$AF31)*(6/10) -> 5833.4 | AK31: =$AP31-($AP31-$AF31)*(5/10) -> 5875 | AL31: =$AP31-($AP31-$AF31)*(4/10) -> 5916.6 | AM31: =$AP31-($AP31-$AF31)*(3/10) -> 5958.2 | AN31: =$AP31-($AP31-$AF31)*(2/10) -> 5999.8 | AO31: =$AP31-($AP31-$AF31)*(1/10) -> 6041.4 | AP31: 6083 | AQ31: =AP31*(1+((AP31/AO31)-1)) -> 6124.8865 | AR31: =AQ31*(1+((AQ31/AP31)-1)) -> 6167.0613 | AS31: =AR31*(1+((AR31/AQ31)-1)) -> 6209.5266 | AT31: =AS31*(1+((AS31/AR31)-1)) -> 6252.2843 | AU31: =AT31*(1+((AT31/AS31)-1)) -> 6295.3364 | AV31: =AU31*(1+((AU31/AT31)-1)) -> 6338.685 | AW31: =AV31*(1+((AV31/AU31)-1)) -> 6382.332 | AX31: =AW31*(1+((AW31/AV31)-1)) -> 6426.2796 | AY31: =AX31*(1+((AX31/AW31)-1)) -> 6470.5298
A32: Napier | B32: 38309 | C32: =$L32-($L32-$B32)*(9/10) -> 39494.5 | D32: =$L32-($L32-$B32)*(8/10) -> 40680 | E32: =$L32-($L32-$B32)*(7/10) -> 41865.5 | F32: =$L32-($L32-$B32)*(6/10) -> 43051 | G32: =$L32-($L32-$B32)*(5/10) -> 44236.5 | H32: =$L32-($L32-$B32)*(4/10) -> 45422 | I32: =$L32-($L32-$B32)*(3/10) -> 46607.5 | J32: =$L32-($L32-$B32)*(2/10) -> 47793 | K32: =$L32-($L32-$B32)*(1/10) -> 48978.5 | L32: 50164 | M32: =$V32-($V32-$L32)*(9/10) -> 50362.7 | N32: =$V32-($V32-$L32)*(8/10) -> 50561.4 | O32: =$V32-($V32-$L32)*(7/10) -> 50760.1 | P32: =$V32-($V32-$L32)*(6/10) -> 50958.8 | Q32: =$V32-($V32-$L32)*(5/10) -> 51157.5 | R32: =$V32-($V32-$L32)*(4/10) -> 51356.2 | S32: =$V32-($V32-$L32)*(3/10) -> 51554.9 | T32: =$V32-($V32-$L32)*(2/10) -> 51753.6 | U32: =$V32-($V32-$L32)*(1/10) -> 51952.3 | V32: 52151 | W32: =$AF32-($AF32-$V32)*(9/10) -> 52440.3 | X32: =$AF32-($AF32-$V32)*(8/10) -> 52729.6 | Y32: =$AF32-($AF32-$V32)*(7/10) -> 53018.9 | Z32: =$AF32-($AF32-$V32)*(6/10) -> 53308.2 | AA32: =$AF32-($AF32-$V32)*(5/10) -> 53597.5 | AB32: =$AF32-($AF32-$V32)*(4/10) -> 53886.8 | AC32: =$AF32-($AF32-$V32)*(3/10) -> 54176.1 | AD32: =$AF32-($AF32-$V32)*(2/10) -> 54465.4 | AE32: =$AF32-($AF32-$V32)*(1/10) -> 54754.7 | AF32: 55044 | AG32: =$AP32-($AP32-$AF32)*(9/10) -> 55168.2 | AH32: =$AP32-($AP32-$AF32)*(8/10) -> 55292.4 | AI32: =$AP32-($AP32-$AF32)*(7/10) -> 55416.6 | AJ32: =$AP32-($AP32-$AF32)*(6/10) -> 55540.8 | AK32: =$AP32-($AP32-$AF32)*(5/10) -> 55665 | AL32: =$AP32-($AP32-$AF32)*(4/10) -> 55789.2 | AM32: =$AP32-($AP32-$AF32)*(3/10) -> 55913.4 | AN32: =$AP32-($AP32-$AF32)*(2/10) -> 56037.6 | AO32: =$AP32-($AP32-$AF32)*(1/10) -> 56161.8 | AP32: 56286 | AQ32: =AP32*(1+((AP32/AO32)-1)) -> 56410.475 | AR32: =AQ32*(1+((AQ32/AP32)-1)) -> 56535.225 | AS32: =AR32*(1+((AR32/AQ32)-1)) -> 56660.25 | AT32: =AS32*(1+((AS32/AR32)-1)) -> 56785.553 | AU32: =AT32*(1+((AT32/AS32)-1)) -> 56911.132 | AV32: =AU32*(1+((AU32/AT32)-1)) -> 57036.989 | AW32: =AV32*(1+((AV32/AU32)-1)) -> 57163.125 | AX32: =AW32*(1+((AW32/AV32)-1)) -> 57289.539 | AY32: =AX32*(1+((AX32/AW32)-1)) -> 57416.233
A33: Nelson | B33: 27615 | C33: =$L33-($L33-$B33)*(9/10) -> 29096.8 | D33: =$L33-($L33-$B33)*(8/10) -> 30578.6 | E33: =$L33-($L33-$B33)*(7/10) -> 32060.4 | F33: =$L33-($L33-$B33)*(6/10) -> 33542.2 | G33: =$L33-($L33-$B33)*(5/10) -> 35024 | H33: =$L33-($L33-$B33)*(4/10) -> 36505.8 | I33: =$L33-($L33-$B33)*(3/10) -> 37987.6 | J33: =$L33-($L33-$B33)*(2/10) -> 39469.4 | K33: =$L33-($L33-$B33)*(1/10) -> 40951.2 | L33: 42433 | M33: =$V33-($V33-$L33)*(9/10) -> 42649 | N33: =$V33-($V33-$L33)*(8/10) -> 42865 | O33: =$V33-($V33-$L33)*(7/10) -> 43081 | P33: =$V33-($V33-$L33)*(6/10) -> 43297 | Q33: =$V33-($V33-$L33)*(5/10) -> 43513 | R33: =$V33-($V33-$L33)*(4/10) -> 43729 | S33: =$V33-($V33-$L33)*(3/10) -> 43945 | T33: =$V33-($V33-$L33)*(2/10) -> 44161 | U33: =$V33-($V33-$L33)*(1/10) -> 44377 | V33: 44593 | W33: =$AF33-($AF33-$V33)*(9/10) -> 45202.8 | X33: =$AF33-($AF33-$V33)*(8/10) -> 45812.6 | Y33: =$AF33-($AF33-$V33)*(7/10) -> 46422.4 | Z33: =$AF33-($AF33-$V33)*(6/10) -> 47032.2 | AA33: =$AF33-($AF33-$V33)*(5/10) -> 47642 | AB33: =$AF33-($AF33-$V33)*(4/10) -> 48251.8 | AC33: =$AF33-($AF33-$V33)*(3/10) -> 48861.6 | AD33: =$AF33-($AF33-$V33)*(2/10) -> 49471.4 | AE33: =$AF33-($AF33-$V33)*(1/10) -> 50081.2 | AF33: 50691 | AG33: =$AP33-($AP33-$AF33)*(9/10) -> 51258.6 | AH33: =$AP33-($AP33-$AF33)*(8/10) -> 51826.2 | AI33: =$AP33-($AP33-$AF33)*(7/10) -> 52393.8 | AJ33: =$AP33-($AP33-$AF33)*(6/10) -> 52961.4 | AK33: =$AP33-($AP33-$AF33)*(5/10) -> 53529 | AL33: =$AP33-($AP33-$AF33)*(4/10) -> 54096.6 | AM33: =$AP33-($AP33-$AF33)*(3/10) -> 54664.2 | AN33: =$AP33-($AP33-$AF33)*(2/10) -> 55231.8 | AO33: =$AP33-($AP33-$AF33)*(1/10) -> 55799.4 | AP33: 56367 | AQ33: =AP33*(1+((AP33/AO33)-1)) -> 56940.374 | AR33: =AQ33*(1+((AQ33/AP33)-1)) -> 57519.58 | AS33: =AR33*(1+((AR33/AQ33)-1)) -> 58104.678 | AT33: =AS33*(1+((AS33/AR33)-1)) -> 58695.727 | AU33: =AT33*(1+((AT33/AS33)-1)) -> 59292.789 | AV33: =AU33*(1+((AU33/AT33)-1)) -> 59895.925 | AW33: =AV33*(1+((AV33/AU33)-1)) -> 60505.195 | AX33: =AW33*(1+((AW33/AV33)-1)) -> 61120.663 | AY33: =AX33*(1+((AX33/AW33)-1)) -> 61742.392
A34: New Plymouth | B34: 35280 | C34: =$L34-($L34-$B34)*(9/10) -> 36143.4 | D34: =$L34-($L34-$B34)*(8/10) -> 37006.8 | E34: =$L34-($L34-$B34)*(7/10) -> 37870.2 | F34: =$L34-($L34-$B34)*(6/10) -> 38733.6 | G34: =$L34-($L34-$B34)*(5/10) -> 39597 | H34: =$L34-($L34-$B34)*(4/10) -> 40460.4 | I34: =$L34-($L34-$B34)*(3/10) -> 41323.8 | J34: =$L34-($L34-$B34)*(2/10) -> 42187.2 | K34: =$L34-($L34-$B34)*(1/10) -> 43050.6 | L34: 43914 | M34: =$V34-($V34-$L34)*(9/10) -> 44261 | N34: =$V34-($V34-$L34)*(8/10) -> 44608 | O34: =$V34-($V34-$L34)*(7/10) -> 44955 | P34: =$V34-($V34-$L34)*(6/10) -> 45302 | Q34: =$V34-($V34-$L34)*(5/10) -> 45649 | R34: =$V34-($V34-$L34)*(4/10) -> 45996 | S34: =$V34-($V34-$L34)*(3/10) -> 46343 | T34: =$V34-($V34-$L34)*(2/10) -> 46690 | U34: =$V34-($V34-$L34)*(1/10) -> 47037 | V34: 47384 | W34: =$AF34-($AF34-$V34)*(9/10) -> 47576.2 | X34: =$AF34-($AF34-$V34)*(8/10) -> 47768.4 | Y34: =$AF34-($AF34-$V34)*(7/10) -> 47960.6 | Z34: =$AF34-($AF34-$V34)*(6/10) -> 48152.8 | AA34: =$AF34-($AF34-$V34)*(5/10) -> 48345 | AB34: =$AF34-($AF34-$V34)*(4/10) -> 48537.2 | AC34: =$AF34-($AF34-$V34)*(3/10) -> 48729.4 | AD34: =$AF34-($AF34-$V34)*(2/10) -> 48921.6 | AE34: =$AF34-($AF34-$V34)*(1/10) -> 49113.8 | AF34: 49306 | AG34: =$AP34-($AP34-$AF34)*(9/10) -> 49303.5 | AH34: =$AP34-($AP34-$AF34)*(8/10) -> 49301 | AI34: =$AP34-($AP34-$AF34)*(7/10) -> 49298.5 | AJ34: =$AP34-($AP34-$AF34)*(6/10) -> 49296 | AK34: =$AP34-($AP34-$AF34)*(5/10) -> 49293.5 | AL34: =$AP34-($AP34-$AF34)*(4/10) -> 49291 | AM34: =$AP34-($AP34-$AF34)*(3/10) -> 49288.5 | AN34: =$AP34-($AP34-$AF34)*(2/10) -> 49286 | AO34: =$AP34-($AP34-$AF34)*(1/10) -> 49283.5 | AP34: 49281 | AQ34: =AP34*(1+((AP34/AO34)-1)) -> 49278.5 | AR34: =AQ34*(1+((AQ34/AP34)-1)) -> 49276 | AS34: =AR34*(1+((AR34/AQ34)-1)) -> 49273.501 | AT34: =AS34*(1+((AS34/AR34)-1)) -> 49271.001 | AU34: =AT34*(1+((AT34/AS34)-1)) -> 49268.502 | AV34: =AU34*(1+((AU34/AT34)-1)) -> 49266.003 | AW34: =AV34*(1+((AV34/AU34)-1)) -> 49263.504 | AX34: =AW34*(1+((AW34/AV34)-1)) -> 49261.005 | AY34: =AX34*(1+((AX34/AW34)-1)) -> 49258.506
A35: Oamaru | B35: 14848 | C35: =$L35-($L35-$B35)*(9/10) -> 14881.1 | D35: =$L35-($L35-$B35)*(8/10) -> 14914.2 | E35: =$L35-($L35-$B35)*(7/10) -> 14947.3 | F35: =$L35-($L35-$B35)*(6/10) -> 14980.4 | G35: =$L35-($L35-$B35)*(5/10) -> 15013.5 | H35: =$L35-($L35-$B35)*(4/10) -> 15046.6 | I35: =$L35-($L35-$B35)*(3/10) -> 15079.7 | J35: =$L35-($L35-$B35)*(2/10) -> 15112.8 | K35: =$L35-($L35-$B35)*(1/10) -> 15145.9 | L35: 15179 | M35: =$V35-($V35-$L35)*(9/10) -> 15085.8 | N35: =$V35-($V35-$L35)*(8/10) -> 14992.6 | O35: =$V35-($V35-$L35)*(7/10) -> 14899.4 | P35: =$V35-($V35-$L35)*(6/10) -> 14806.2 | Q35: =$V35-($V35-$L35)*(5/10) -> 14713 | R35: =$V35-($V35-$L35)*(4/10) -> 14619.8 | S35: =$V35-($V35-$L35)*(3/10) -> 14526.6 | T35: =$V35-($V35-$L35)*(2/10) -> 14433.4 | U35: =$V35-($V35-$L35)*(1/10) -> 14340.2 | V35: 14247 | W35: =$AF35-($AF35-$V35)*(9/10) -> 14168.8 | X35: =$AF35-($AF35-$V35)*(8/10) -> 14090.6 | Y35: =$AF35-($AF35-$V35)*(7/10) -> 14012.4 | Z35: =$AF35-($AF35-$V35)*(6/10) -> 13934.2 | AA35: =$AF35-($AF35-$V35)*(5/10) -> 13856 | AB35: =$AF35-($AF35-$V35)*(4/10) -> 13777.8 | AC35: =$AF35-($AF35-$V35)*(3/10) -> 13699.6 | AD35: =$AF35-($AF35-$V35)*(2/10) -> 13621.4 | AE35: =$AF35-($AF35-$V35)*(1/10) -> 13543.2 | AF35: 13465 | AG35: =$AP35-($AP35-$AF35)*(9/10) -> 13356.9 | AH35: =$AP35-($AP35-$AF35)*(8/10) -> 13248.8 | AI35: =$AP35-($AP35-$AF35)*(7/10) -> 13140.7 | AJ35: =$AP35-($AP35-$AF35)*(6/10) -> 13032.6 | AK35: =$AP35-($AP35-$AF35)*(5/10) -> 12924.5 | AL35: =$AP35-($AP35-$AF35)*(4/10) -> 12816.4 | AM35: =$AP35-($AP35-$AF35)*(3/10) -> 12708.3 | AN35: =$AP35-($AP35-$AF35)*(2/10) -> 12600.2 | AO35: =$AP35-($AP35-$AF35)*(1/10) -> 12492.1 | AP35: 12384 | AQ35: =AP35*(1+((AP35/AO35)-1)) -> 12276.835 | AR35: =AQ35*(1+((AQ35/AP35)-1)) -> 12170.598 | AS35: =AR35*(1+((AR35/AQ35)-1)) -> 12065.28 | AT35: =AS35*(1+((AS35/AR35)-1)) -> 11960.874 | AU35: =AT35*(1+((AT35/AS35)-1)) -> 11857.371 | AV35: =AU35*(1+((AU35/AT35)-1)) -> 11754.763 | AW35: =AV35*(1+((AV35/AU35)-1)) -> 11653.044 | AX35: =AW35*(1+((AW35/AV35)-1)) -> 11552.205 | AY35: =AX35*(1+((AX35/AW35)-1)) -> 11452.238
A36: Ohakune | B36: 1458 | C36: =$L36-($L36-$B36)*(9/10) -> 1452.1 | D36: =$L36-($L36-$B36)*(8/10) -> 1446.2 | E36: =$L36-($L36-$B36)*(7/10) -> 1440.3 | F36: =$L36-($L36-$B36)*(6/10) -> 1434.4 | G36: =$L36-($L36-$B36)*(5/10) -> 1428.5 | H36: =$L36-($L36-$B36)*(4/10) -> 1422.6 | I36: =$L36-($L36-$B36)*(3/10) -> 1416.7 | J36: =$L36-($L36-$B36)*(2/10) -> 1410.8 | K36: =$L36-($L36-$B36)*(1/10) -> 1404.9 | L36: 1399 | M36: =$V36-($V36-$L36)*(9/10) -> 1408.7 | N36: =$V36-($V36-$L36)*(8/10) -> 1418.4 | O36: =$V36-($V36-$L36)*(7/10) -> 1428.1 | P36: =$V36-($V36-$L36)*(6/10) -> 1437.8 | Q36: =$V36-($V36-$L36)*(5/10) -> 1447.5 | R36: =$V36-($V36-$L36)*(4/10) -> 1457.2 | S36: =$V36-($V36-$L36)*(3/10) -> 1466.9 | T36: =$V36-($V36-$L36)*(2/10) -> 1476.6 | U36: =$V36-($V36-$L36)*(1/10) -> 1486.3 | V36: 1496 | W36: =$AF36-($AF36-$V36)*(9/10) -> 1486.7 | X36: =$AF36-($AF36-$V36)*(8/10) -> 1477.4 | Y36: =$AF36-($AF36-$V36)*(7/10) -> 1468.1 | Z36: =$AF36-($AF36-$V36)*(6/10) -> 1458.8 | AA36: =$AF36-($AF36-$V36)*(5/10) -> 1449.5 | AB36: =$AF36-($AF36-$V36)*(4/10) -> 1440.2 | AC36: =$AF36-($AF36-$V36)*(3/10) -> 1430.9 | AD36: =$AF36-($AF36-$V36)*(2/10) -> 1421.6 | AE36: =$AF36-($AF36-$V36)*(1/10) -> 1412.3 | AF36: 1403 | AG36: =$AP36-($AP36-$AF36)*(9/10) -> 1374.4 | AH36: =$AP36-($AP36-$AF36)*(8/10) -> 1345.8 | AI36: =$AP36-($AP36-$AF36)*(7/10) -> 1317.2 | AJ36: =$AP36-($AP36-$AF36)*(6/10) -> 1288.6 | AK36: =$AP36-($AP36-$AF36)*(5/10) -> 1260 | AL36: =$AP36-($AP36-$AF36)*(4/10) -> 1231.4 | AM36: =$AP36-($AP36-$AF36)*(3/10) -> 1202.8 | AN36: =$AP36-($AP36-$AF36)*(2/10) -> 1174.2 | AO36: =$AP36-($AP36-$AF36)*(1/10) -> 1145.6 | AP36: 1117 | AQ36: =AP36*(1+((AP36/AO36)-1)) -> 1089.114 | AR36: =AQ36*(1+((AQ36/AP36)-1)) -> 1061.9242 | AS36: =AR36*(1+((AR36/AQ36)-1)) -> 1035.4132 | AT36: =AS36*(1+((AS36/AR36)-1)) -> 1009.564 | AU36: =AT36*(1+((AT36/AS36)-1)) -> 984.36013 | AV36: =AU36*(1+((AU36/AT36)-1)) -> 959.78549 | AW36: =AV36*(1+((AV36/AU36)-1)) -> 935.82437 | AX36: =AW36*(1+((AW36/AV36)-1)) -> 912.46144 | AY36: =AX36*(1+((AX36/AW36)-1)) -> 889.68176
A37: Paeroa | B37: 3129 | C37: =$L37-($L37-$B37)*(9/10) -> 3195.7 | D37: =$L37-($L37-$B37)*(8/10) -> 3262.4 | E37: =$L37-($L37-$B37)*(7/10) -> 3329.1 | F37: =$L37-($L37-$B37)*(6/10) -> 3395.8 | G37: =$L37-($L37-$B37)*(5/10) -> 3462.5 | H37: =$L37-($L37-$B37)*(4/10) -> 3529.2 | I37: =$L37-($L37-$B37)*(3/10) -> 3595.9 | J37: =$L37-($L37-$B37)*(2/10) -> 3662.6 | K37: =$L37-($L37-$B37)*(1/10) -> 3729.3 | L37: 3796 | M37: =$V37-($V37-$L37)*(9/10) -> 3782.5 | N37: =$V37-($V37-$L37)*(8/10) -> 3769 | O37: =$V37-($V37-$L37)*(7/10) -> 3755.5 | P37: =$V37-($V37-$L37)*(6/10) -> 3742 | Q37: =$V37-($V37-$L37)*(5/10) -> 3728.5 | R37: =$V37-($V37-$L37)*(4/10) -> 3715 | S37: =$V37-($V37-$L37)*(3/10) -> 3701.5 | T37: =$V37-($V37-$L37)*(2/10) -> 3688 | U37: =$V37-($V37-$L37)*(1/10) -> 3674.5 | V37: 3661 | W37: =$AF37-($AF37-$V37)*(9/10) -> 3657 | X37: =$AF37-($AF37-$V37)*(8/10) -> 3653 | Y37: =$AF37-($AF37-$V37)*(7/10) -> 3649 | Z37: =$AF37-($AF37-$V37)*(6/10) -> 3645 | AA37: =$AF37-($AF37-$V37)*(5/10) -> 3641 | AB37: =$AF37-($AF37-$V37)*(4/10) -> 3637 | AC37: =$AF37-($AF37-$V37)*(3/10) -> 3633 | AD37: =$AF37-($AF37-$V37)*(2/10) -> 3629 | AE37: =$AF37-($AF37-$V37)*(1/10) -> 3625 | AF37: 3621 | AG37: =$AP37-($AP37-$AF37)*(9/10) -> 3594.5 | AH37: =$AP37-($AP37-$AF37)*(8/10) -> 3568 | AI37: =$AP37-($AP37-$AF37)*(7/10) -> 3541.5 | AJ37: =$AP37-($AP37-$AF37)*(6/10) -> 3515 | AK37: =$AP37-($AP37-$AF37)*(5/10) -> 3488.5 | AL37: =$AP37-($AP37-$AF37)*(4/10) -> 3462 | AM37: =$AP37-($AP37-$AF37)*(3/10) -> 3435.5 | AN37: =$AP37-($AP37-$AF37)*(2/10) -> 3409 | AO37: =$AP37-($AP37-$AF37)*(1/10) -> 3382.5 | AP37: 3356 | AQ37: =AP37*(1+((AP37/AO37)-1)) -> 3329.7076 | AR37: =AQ37*(1+((AQ37/AP37)-1)) -> 3303.6212 | AS37: =AR37*(1+((AR37/AQ37)-1)) -> 3277.7392 | AT37: =AS37*(1+((AS37/AR37)-1)) -> 3252.0599 | AU37: =AT37*(1+((AT37/AS37)-1)) -> 3226.5819 | AV37: =AU37*(1+((AU37/AT37)-1)) -> 3201.3034 | AW37: =AV37*(1+((AV37/AU37)-1)) -> 3176.223 | AX37: =AW37*(1+((AW37/AV37)-1)) -> 3151.339 | AY37: =AX37*(1+((AX37/AW37)-1)) -> 3126.65
A38: Palmerston North | B38: 49140 | C38: =$L38-($L38-$B38)*(9/10) -> 50613.3 | D38: =$L38-($L38-$B38)*(8/10) -> 52086.6 | E38: =$L38-($L38-$B38)*(7/10) -> 53559.9 | F38: =$L38-($L38-$B38)*(6/10) -> 55033.2 | G38: =$L38-($L38-$B38)*(5/10) -> 56506.5 | H38: =$L38-($L38-$B38)*(4/10) -> 57979.8 | I38: =$L38-($L38-$B38)*(3/10) -> 59453.1 | J38: =$L38-($L38-$B38)*(2/10) -> 60926.4 | K38: =$L38-($L38-$B38)*(1/10) -> 62399.7 | L38: 63873 | M38: =$V38-($V38-$L38)*(9/10) -> 64226.2 | N38: =$V38-($V38-$L38)*(8/10) -> 64579.4 | O38: =$V38-($V38-$L38)*(7/10) -> 64932.6 | P38: =$V38-($V38-$L38)*(6/10) -> 65285.8 | Q38: =$V38-($V38-$L38)*(5/10) -> 65639 | R38: =$V38-($V38-$L38)*(4/10) -> 65992.2 | S38: =$V38-($V38-$L38)*(3/10) -> 66345.4 | T38: =$V38-($V38-$L38)*(2/10) -> 66698.6 | U38: =$V38-($V38-$L38)*(1/10) -> 67051.8 | V38: 67405 | W38: =$AF38-($AF38-$V38)*(9/10) -> 68050.7 | X38: =$AF38-($AF38-$V38)*(8/10) -> 68696.4 | Y38: =$AF38-($AF38-$V38)*(7/10) -> 69342.1 | Z38: =$AF38-($AF38-$V38)*(6/10) -> 69987.8 | AA38: =$AF38-($AF38-$V38)*(5/10) -> 70633.5 | AB38: =$AF38-($AF38-$V38)*(4/10) -> 71279.2 | AC38: =$AF38-($AF38-$V38)*(3/10) -> 71924.9 | AD38: =$AF38-($AF38-$V38)*(2/10) -> 72570.6 | AE38: =$AF38-($AF38-$V38)*(1/10) -> 73216.3 | AF38: 73862 | AG38: =$AP38-($AP38-$AF38)*(9/10) -> 74079 | AH38: =$AP38-($AP38-$AF38)*(8/10) -> 74296 | AI38: =$AP38-($AP38-$AF38)*(7/10) -> 74513 | AJ38: =$AP38-($AP38-$AF38)*(6/10) -> 74730 | AK38: =$AP38-($AP38-$AF38)*(5/10) -> 74947 | AL38: =$AP38-($AP38-$AF38)*(4/10) -> 75164 | AM38: =$AP38-($AP38-$AF38)*(3/10) -> 75381 | AN38: =$AP38-($AP38-$AF38)*(2/10) -> 75598 | AO38: =$AP38-($AP38-$AF38)*(1/10) -> 75815 | AP38: 76032 | AQ38: =AP38*(1+((AP38/AO38)-1)) -> 76249.621 | AR38: =AQ38*(1+((AQ38/AP38)-1)) -> 76467.865 | AS38: =AR38*(1+((AR38/AQ38)-1)) -> 76686.734 | AT38: =AS38*(1+((AS38/AR38)-1)) -> 76906.229 | AU38: =AT38*(1+((AT38/AS38)-1)) -> 77126.352 | AV38: =AU38*(1+((AU38/AT38)-1)) -> 77347.106 | AW38: =AV38*(1+((AV38/AU38)-1)) -> 77568.491 | AX38: =AW38*(1+((AW38/AV38)-1)) -> 77790.51 | AY38: =AX38*(1+((AX38/AW38)-1)) -> 78013.164
... A50: Timaru | B50: 27946 | C50: =$L50-($L50-$B50)*(9/10) -> 28147.2 | D50: =$L50-($L50-$B50)*(8/10) -> 28348.4 | E50: =$L50-($L50-$B50)*(7/10) -> 28549.6 | F50: =$L50-($L50-$B50)*(6/10) -> 28750.8 | G50: =$L50-($L50-$B50)*(5/10) -> 28952 | H50: =$L50-($L50-$B50)*(4/10) -> 29153.2 | I50: =$L50-($L50-$B50)*(3/10) -> 29354.4 | J50: =$L50-($L50-$B50)*(2/10) -> 29555.6 | K50: =$L50-($L50-$B50)*(1/10) -> 29756.8 | L50: 29958 | M50: =$V50-($V50-$L50)*(9/10) -> 29824.3 | N50: =$V50-($V50-$L50)*(8/10) -> 29690.6 | O50: =$V50-($V50-$L50)*(7/10) -> 29556.9 | P50: =$V50-($V50-$L50)*(6/10) -> 29423.2 | Q50: =$V50-($V50-$L50)*(5/10) -> 29289.5 | R50: =$V50-($V50-$L50)*(4/10) -> 29155.8 | S50: =$V50-($V50-$L50)*(3/10) -> 29022.1 | T50: =$V50-($V50-$L50)*(2/10) -> 28888.4 | U50: =$V50-($V50-$L50)*(1/10) -> 28754.7 | V50: 28621 | W50: =$AF50-($AF50-$V50)*(9/10) -> 28511 | X50: =$AF50-($AF50-$V50)*(8/10) -> 28401 | Y50: =$AF50-($AF50-$V50)*(7/10) -> 28291 | Z50: =$AF50-($AF50-$V50)*(6/10) -> 28181 | AA50: =$AF50-($AF50-$V50)*(5/10) -> 28071 | AB50: =$AF50-($AF50-$V50)*(4/10) -> 27961 | AC50: =$AF50-($AF50-$V50)*(3/10) -> 27851 | AD50: =$AF50-($AF50-$V50)*(2/10) -> 27741 | AE50: =$AF50-($AF50-$V50)*(1/10) -> 27631 | AF50: 27521 | AG50: =$AP50-($AP50-$AF50)*(9/10) -> 27457.5 | AH50: =$AP50-($AP50-$AF50)*(8/10) -> 27394 | AI50: =$AP50-($AP50-$AF50)*(7/10) -> 27330.5 | AJ50: =$AP50-($AP50-$AF50)*(6/10) -> 27267 | AK50: =$AP50-($AP50-$AF50)*(5/10) -> 27203.5 | AL50: =$AP50-($AP50-$AF50)*(4/10) -> 27140 | AM50: =$AP50-($AP50-$AF50)*(3/10) -> 27076.5 | AN50: =$AP50-($AP50-$AF50)*(2/10) -> 27013 | AO50: =$AP50-($AP50-$AF50)*(1/10) -> 26949.5 | AP50: 26886 | AQ50: =AP50*(1+((AP50/AO50)-1)) -> 26822.65 | AR50: =AQ50*(1+((AQ50/AP50)-1)) -> 26759.449 | AS50: =AR50*(1+((AR50/AQ50)-1)) -> 26696.396 | AT50: =AS50*(1+((AS50/AR50)-1)) -> 26633.493 | AU50: =AT50*(1+((AT50/AS50)-1)) -> 26570.737 | AV50: =AU50*(1+((AU50/AT50)-1)) -> 26508.13 | AW50: =AV50*(1+((AV50/AU50)-1)) -> 26445.67 | AX50: =AW50*(1+((AW50/AV50)-1)) -> 26383.357 | AY50: =AX50*(1+((AX50/AW50)-1)) -> 26321.191
A51: Tokoroa | B51: =C51/(1+((D51/C51)-1)) -> 20302.551 | C51: =D51/(1+((E51/D51)-1)) -> 20192.868 | D51: =E51/(1+((F51/E51)-1)) -> 20083.777 | E51: =F51/(1+((G51/F51)-1)) -> 19975.275 | F51: =G51/(1+((H51/G51)-1)) -> 19867.36 | G51: =H51/(1+((I51/H51)-1)) -> 19760.027 | H51: =I51/(1+((J51/I51)-1)) -> 19653.274 | I51: =J51/(1+((K51/J51)-1)) -> 19547.098 | ... K51: =L51/(1+((M51/L51)-1)) -> 19336.464 | L51: 19232 | M51: =$V51-($V51-$L51)*(9/10) -> 19128.1 | N51: =$V51-($V51-$L51)*(8/10) -> 19024.2 | O51: =$V51-($V51-$L51)*(7/10) -> 18920.3 | P51: =$V51-($V51-$L51)*(6/10) -> 18816.4 | Q51: =$V51-($V51-$L51)*(5/10) -> 18712.5 | R51: =$V51-($V51-$L51)*(4/10) -> 18608.6 | S51: =$V51-($V51-$L51)*(3/10) -> 18504.7 | T51: =$V51-($V51-$L51)*(2/10) -> 18400.8 | U51: =$V51-($V51-$L51)*(1/10) -> 18296.9 | V51: 18193 | W51: =$AF51-($AF51-$V51)*(9/10) -> 17884.7 | X51: =$AF51-($AF51-$V51)*(8/10) -> 17576.4 | Y51: =$AF51-($AF51-$V51)*(7/10) -> 17268.1 | Z51: =$AF51-($AF51-$V51)*(6/10) -> 16959.8 | AA51: =$AF51-($AF51-$V51)*(5/10) -> 16651.5 | AB51: =$AF51-($AF51-$V51)*(4/10) -> 16343.2 | AC51: =$AF51-($AF51-$V51)*(3/10) -> 16034.9 | AD51: =$AF51-($AF51-$V51)*(2/10) -> 15726.6 | AE51: =$AF51-($AF51-$V51)*(1/10) -> 15418.3 | AF51: 15110 | AG51: =$AP51-($AP51-$AF51)*(9/10) -> 14834.6 | AH51: =$AP51-($AP51-$AF51)*(8/10) -> 14559.2 | AI51: =$AP51-($AP51-$AF51)*(7/10) -> 14283.8 | AJ51: =$AP51-($AP51-$AF51)*(6/10) -> 14008.4 | AK51: =$AP51-($AP51-$AF51)*(5/10) -> 13733 | AL51: =$AP51-($AP51-$AF51)*(4/10) -> 13457.6 | AM51: =$AP51-($AP51-$AF51)*(3/10) -> 13182.2 | AN51: =$AP51-($AP51-$AF51)*(2/10) -> 12906.8 | AO51: =$AP51-($AP51-$AF51)*(1/10) -> 12631.4 | AP51: 12356 | AQ51: =AP51*(1+((AP51/AO51)-1)) -> 12086.604 | AR51: =AQ51*(1+((AQ51/AP51)-1)) -> 11823.083 | AS51: =AR51*(1+((AR51/AQ51)-1)) -> 11565.306 | AT51: =AS51*(1+((AS51/AR51)-1)) -> 11313.15 | AU51: =AT51*(1+((AT51/AS51)-1)) -> 11066.492 | AV51: =AU51*(1+((AU51/AT51)-1)) -> 10825.211 | AW51: =AV51*(1+((AV51/AU51)-1)) -> 10589.191 | AX51: =AW51*(1+((AW51/AV51)-1)) -> 10358.317 | AY51: =AX51*(1+((AX51/AW51)-1)) -> 10132.476
A52: Waihi | B52: 3169 | C52: =$L52-($L52-$B52)*(9/10) -> 3193.6 | D52: =$L52-($L52-$B52)*(8/10) -> 3218.2 | E52: =$L52-($L52-$B52)*(7/10) -> 3242.8 | F52: =$L52-($L52-$B52)*(6/10) -> 3267.4 | G52: =$L52-($L52-$B52)*(5/10) -> 3292 | H52: =$L52-($L52-$B52)*(4/10) -> 3316.6 | I52: =$L52-($L52-$B52)*(3/10) -> 3341.2 | J52: =$L52-($L52-$B52)*(2/10) -> 3365.8 | K52: =$L52-($L52-$B52)*(1/10) -> 3390.4 | L52: 3415 | M52: =$V52-($V52-$L52)*(9/10) -> 3441.4 | N52: =$V52-($V52-$L52)*(8/10) -> 3467.8 | O52: =$V52-($V52-$L52)*(7/10) -> 3494.2 | P52: =$V52-($V52-$L52)*(6/10) -> 3520.6 | Q52: =$V52-($V52-$L52)*(5/10) -> 3547 | R52: =$V52-($V52-$L52)*(4/10) -> 3573.4 | S52: =$V52-($V52-$L52)*(3/10) -> 3599.8 | T52: =$V52-($V52-$L52)*(2/10) -> 3626.2 | U52: =$V52-($V52-$L52)*(1/10) -> 3652.6 | V52: 3679 | W52: =$AF52-($AF52-$V52)*(9/10) -> 3728.9 | X52: =$AF52-($AF52-$V52)*(8/10) -> 3778.8 | Y52: =$AF52-($AF52-$V52)*(7/10) -> 3828.7 | Z52: =$AF52-($AF52-$V52)*(6/10) -> 3878.6 | AA52: =$AF52-($AF52-$V52)*(5/10) -> 3928.5 | AB52: =$AF52-($AF52-$V52)*(4/10) -> 3978.4 | AC52: =$AF52-($AF52-$V52)*(3/10) -> 4028.3 | AD52: =$AF52-($AF52-$V52)*(2/10) -> 4078.2 | AE52: =$AF52-($AF52-$V52)*(1/10) -> 4128.1 | AF52: 4178 | AG52: =$AP52-($AP52-$AF52)*(9/10) -> 4149.8 | AH52: =$AP52-($AP52-$AF52)*(8/10) -> 4121.6 | AI52: =$AP52-($AP52-$AF52)*(7/10) -> 4093.4 | AJ52: =$AP52-($AP52-$AF52)*(6/10) -> 4065.2 | AK52: =$AP52-($AP52-$AF52)*(5/10) -> 4037 | AL52: =$AP52-($AP52-$AF52)*(4/10) -> 4008.8 | AM52: =$AP52-($AP52-$AF52)*(3/10) -> 3980.6 | AN52: =$AP52-($AP52-$AF52)*(2/10) -> 3952.4 | AO52: =$AP52-($AP52-$AF52)*(1/10) -> 3924.2 | AP52: 3896 | AQ52: =AP52*(1+((AP52/AO52)-1)) -> 3868.0027 | AR52: =AQ52*(1+((AQ52/AP52)-1)) -> 3840.2065 | AS52: =AR52*(1+((AR52/AQ52)-1)) -> 3812.6101 | AT52: =AS52*(1+((AS52/AR52)-1)) -> 3785.212 | AU52: =AT52*(1+((AT52/AS52)-1)) -> 3758.0108 | AV52: =AU52*(1+((AU52/AT52)-1)) -> 3731.005 | AW52: =AV52*(1+((AV52/AU52)-1)) -> 3704.1934 | AX52: =AW52*(1+((AW52/AV52)-1)) -> 3677.5744 | AY52: =AX52*(1+((AX52/AW52)-1)) -> 3651.1467
A53: Waimate | B53: 3300 | C53: =$L53-($L53-$B53)*(9/10) -> 3307.8 | D53: =$L53-($L53-$B53)*(8/10) -> 3315.6 | E53: =$L53-($L53-$B53)*(7/10) -> 3323.4 | F53: =$L53-($L53-$B53)*(6/10) -> 3331.2 | G53: =$L53-($L53-$B53)*(5/10) -> 3339 | H53: =$L53-($L53-$B53)*(4/10) -> 3346.8 | I53: =$L53-($L53-$B53)*(3/10) -> 3354.6 | J53: =$L53-($L53-$B53)*(2/10) -> 3362.4 | K53: =$L53-($L53-$B53)*(1/10) -> 3370.2 | L53: 3378 | M53: =$V53-($V53-$L53)*(9/10) -> 3365.2 | N53: =$V53-($V53-$L53)*(8/10) -> 3352.4 | O53: =$V53-($V53-$L53)*(7/10) -> 3339.6 | P53: =$V53-($V53-$L53)*(6/10) -> 3326.8 | Q53: =$V53-($V53-$L53)*(5/10) -> 3314 | R53: =$V53-($V53-$L53)*(4/10) -> 3301.2 | S53: =$V53-($V53-$L53)*(3/10) -> 3288.4 | T53: =$V53-($V53-$L53)*(2/10) -> 3275.6 | U53: =$V53-($V53-$L53)*(1/10) -> 3262.8 | V53: 3250 | W53: =$AF53-($AF53-$V53)*(9/10) -> 3221.1 | X53: =$AF53-($AF53-$V53)*(8/10) -> 3192.2 | Y53: =$AF53-($AF53-$V53)*(7/10) -> 3163.3 | Z53: =$AF53-($AF53-$V53)*(6/10) -> 3134.4 | AA53: =$AF53-($AF53-$V53)*(5/10) -> 3105.5 | AB53: =$AF53-($AF53-$V53)*(4/10) -> 3076.6 | AC53: =$AF53-($AF53-$V53)*(3/10) -> 3047.7 | AD53: =$AF53-($AF53-$V53)*(2/10) -> 3018.8 | AE53: =$AF53-($AF53-$V53)*(1/10) -> 2989.9 | AF53: 2961 | AG53: =$AP53-($AP53-$AF53)*(9/10) -> 2939.9 | AH53: =$AP53-($AP53-$AF53)*(8/10) -> 2918.8 | AI53: =$AP53-($AP53-$AF53)*(7/10) -> 2897.7 | AJ53: =$AP53-($AP53-$AF53)*(6/10) -> 2876.6 | AK53: =$AP53-($AP53-$AF53)*(5/10) -> 2855.5 | AL53: =$AP53-($AP53-$AF53)*(4/10) -> 2834.4 | AM53: =$AP53-($AP53-$AF53)*(3/10) -> 2813.3 | AN53: =$AP53-($AP53-$AF53)*(2/10) -> 2792.2 | AO53: =$AP53-($AP53-$AF53)*(1/10) -> 2771.1 | AP53: 2750 | AQ53: =AP53*(1+((AP53/AO53)-1)) -> 2729.0607 | AR53: =AQ53*(1+((AQ53/AP53)-1)) -> 2708.2808 | AS53: =AR53*(1+((AR53/AQ53)-1)) -> 2687.6591 | AT53: =AS53*(1+((AS53/AR53)-1)) -> 2667.1944 | AU53: =AT53*(1+((AT53/AS53)-1)) -> 2646.8856 | AV53: =AU53*(1+((AU53/AT53)-1)) -> 2626.7314 | AW53: =AV53*(1+((AV53/AU53)-1)) -> 2606.7307 | AX53: =AW53*(1+((AW53/AV53)-1)) -> 2586.8822 | AY53: =AX53*(1+((AX53/AW53)-1)) -> 2567.1849
A54: Waipukurau | B54: 3569 | C54: =$L54-($L54-$B54)*(9/10) -> 3575.3 | D54: =$L54-($L54-$B54)*(8/10) -> 3581.6 | E54: =$L54-($L54-$B54)*(7/10) -> 3587.9 | F54: =$L54-($L54-$B54)*(6/10) -> 3594.2 | G54: =$L54-($L54-$B54)*(5/10) -> 3600.5 | H54: =$L54-($L54-$B54)*(4/10) -> 3606.8 | I54: =$L54-($L54-$B54)*(3/10) -> 3613.1 | J54: =$L54-($L54-$B54)*(2/10) -> 3619.4 | K54: =$L54-($L54-$B54)*(1/10) -> 3625.7 | L54: 3632 | M54: =$V54-($V54-$L54)*(9/10) -> 3654.3 | N54: =$V54-($V54-$L54)*(8/10) -> 3676.6 | O54: =$V54-($V54-$L54)*(7/10) -> 3698.9 | P54: =$V54-($V54-$L54)*(6/10) -> 3721.2 | Q54: =$V54-($V54-$L54)*(5/10) -> 3743.5 | R54: =$V54-($V54-$L54)*(4/10) -> 3765.8 | S54: =$V54-($V54-$L54)*(3/10) -> 3788.1 | T54: =$V54-($V54-$L54)*(2/10) -> 3810.4 | U54: =$V54-($V54-$L54)*(1/10) -> 3832.7 | V54: 3855 | W54: =$AF54-($AF54-$V54)*(9/10) -> 3838.2 | X54: =$AF54-($AF54-$V54)*(8/10) -> 3821.4 | Y54: =$AF54-($AF54-$V54)*(7/10) -> 3804.6 | Z54: =$AF54-($AF54-$V54)*(6/10) -> 3787.8 | AA54: =$AF54-($AF54-$V54)*(5/10) -> 3771 | AB54: =$AF54-($AF54-$V54)*(4/10) -> 3754.2 | AC54: =$AF54-($AF54-$V54)*(3/10) -> 3737.4 | AD54: =$AF54-($AF54-$V54)*(2/10) -> 3720.6 | AE54: =$AF54-($AF54-$V54)*(1/10) -> 3703.8 | AF54: 3687 | AG54: =$AP54-($AP54-$AF54)*(9/10) -> 3680.1 | AH54: =$AP54-($AP54-$AF54)*(8/10) -> 3673.2 | AI54: =$AP54-($AP54-$AF54)*(7/10) -> 3666.3 | AJ54: =$AP54-($AP54-$AF54)*(6/10) -> 3659.4 | AK54: =$AP54-($AP54-$AF54)*(5/10) -> 3652.5 | AL54: =$AP54-($AP54-$AF54)*(4/10) -> 3645.6 | AM54: =$AP54-($AP54-$AF54)*(3/10) -> 3638.7 | AN54: =$AP54-($AP54-$AF54)*(2/10) -> 3631.8 | AO54: =$AP54-($AP54-$AF54)*(1/10) -> 3624.9 | AP54: 3618 | AQ54: =AP54*(1+((AP54/AO54)-1)) -> 3611.1131 | AR54: =AQ54*(1+((AQ54/AP54)-1)) -> 3604.2394 | AS54: =AR54*(1+((AR54/AQ54)-1)) -> 3597.3787 | AT54: =AS54*(1+((AS54/AR54)-1)) -> 3590.5311 | AU54: =AT54*(1+((AT54/AS54)-1)) -> 3583.6965 | AV54: =AU54*(1+((AU54/AT54)-1)) -> 3576.8749 | AW54: =AV54*(1+((AV54/AU54)-1)) -> 3570.0664 | AX54: =AW54*(1+((AW54/AV54)-1)) -> 3563.2707 | AY54: =AX54*(1+((AX54/AW54)-1)) -> 3556.488
A55: Wairoa | B55: 5100 | C55: =$L55-($L55-$B55)*(9/10) -> 5136.6 | D55: =$L55-($L55-$B55)*(8/10) -> 5173.2 | E55: =$L55-($L55-$B55)*(7/10) -> 5209.8 | F55: =$L55-($L55-$B55)*(6/10) -> 5246.4 | G55: =$L55-($L55-$B55)*(5/10) -> 5283 | H55: =$L55-($L55-$B55)*(4/10) -> 5319.6 | I55: =$L55-($L55-$B55)*(3/10) -> 5356.2 | J55: =$L55-($L55-$B55)*(2/10) -> 5392.8 | K55: =$L55-($L55-$B55)*(1/10) -> 5429.4 | L55: 5466 | M55: =$V55-($V55-$L55)*(9/10) -> 5428.8 | N55: =$V55-($V55-$L55)*(8/10) -> 5391.6 | O55: =$V55-($V55-$L55)*(7/10) -> 5354.4 | P55: =$V55-($V55-$L55)*(6/10) -> 5317.2 | Q55: =$V55-($V55-$L55)*(5/10) -> 5280 | R55: =$V55-($V55-$L55)*(4/10) -> 5242.8 | S55: =$V55-($V55-$L55)*(3/10) -> 5205.6 | T55: =$V55-($V55-$L55)*(2/10) -> 5168.4 | U55: =$V55-($V55-$L55)*(1/10) -> 5131.2 | V55: 5094 | W55: =$AF55-($AF55-$V55)*(9/10) -> 5060.4 | X55: =$AF55-($AF55-$V55)*(8/10) -> 5026.8 | Y55: =$AF55-($AF55-$V55)*(7/10) -> 4993.2 | Z55: =$AF55-($AF55-$V55)*(6/10) -> 4959.6 | AA55: =$AF55-($AF55-$V55)*(5/10) -> 4926 | AB55: =$AF55-($AF55-$V55)*(4/10) -> 4892.4 | AC55: =$AF55-($AF55-$V55)*(3/10) -> 4858.8 | AD55: =$AF55-($AF55-$V55)*(2/10) -> 4825.2 | AE55: =$AF55-($AF55-$V55)*(1/10) -> 4791.6 | AF55: 4758 | AG55: =$AP55-($AP55-$AF55)*(9/10) -> 4676.2 | AH55: =$AP55-($AP55-$AF55)*(8/10) -> 4594.4 | AI55: =$AP55-($AP55-$AF55)*(7/10) -> 4512.6 | AJ55: =$AP55-($AP55-$AF55)*(6/10) -> 4430.8 | AK55: =$AP55-($AP55-$AF55)*(5/10) -> 4349 | AL55: =$AP55-($AP55-$AF55)*(4/10) -> 4267.2 | AM55: =$AP55-($AP55-$AF55)*(3/10) -> 4185.4 | AN55: =$AP55-($AP55-$AF55)*(2/10) -> 4103.6 | AO55: =$AP55-($AP55-$AF55)*(1/10) -> 4021.8 | AP55: 3940 | AQ55: =AP55*(1+((AP55/AO55)-1)) -> 3859.8637 | AR55: =AQ55*(1+((AQ55/AP55)-1)) -> 3781.3574 | AS55: =AR55*(1+((AR55/AQ55)-1)) -> 3704.4478 | AT55: =AS55*(1+((AS55/AR55)-1)) -> 3629.1025 | AU55: =AT55*(1+((AT55/AS55)-1)) -> 3555.2896 | AV55: =AU55*(1+((AU55/AT55)-1)) -> 3482.978 | AW55: =AV55*(1+((AV55/AU55)-1)) -> 3412.1372 | AX55: =AW55*(1+((AW55/AV55)-1)) -> 3342.7372 | AY55: =AX55*(1+((AX55/AW55)-1)) -> 3274.7488
A56: Waitara | B56: 4790 | C56: =$L56-($L56-$B56)*(9/10) -> 4914.6 | D56: =$L56-($L56-$B56)*(8/10) -> 5039.2 | E56: =$L56-($L56-$B56)*(7/10) -> 5163.8 | F56: =$L56-($L56-$B56)*(6/10) -> 5288.4 | G56: =$L56-($L56-$B56)*(5/10) -> 5413 | H56: =$L56-($L56-$B56)*(4/10) -> 5537.6 | I56: =$L56-($L56-$B56)*(3/10) -> 5662.2 | J56: =$L56-($L56-$B56)*(2/10) -> 5786.8 | K56: =$L56-($L56-$B56)*(1/10) -> 5911.4 | L56: 6036 | M56: =$V56-($V56-$L56)*(9/10) -> 6080.6 | N56: =$V56-($V56-$L56)*(8/10) -> 6125.2 | O56: =$V56-($V56-$L56)*(7/10) -> 6169.8 | P56: =$V56-($V56-$L56)*(6/10) -> 6214.4 | Q56: =$V56-($V56-$L56)*(5/10) -> 6259 | R56: =$V56-($V56-$L56)*(4/10) -> 6303.6 | S56: =$V56-($V56-$L56)*(3/10) -> 6348.2 | T56: =$V56-($V56-$L56)*(2/10) -> 6392.8 | U56: =$V56-($V56-$L56)*(1/10) -> 6437.4 | V56: 6482 | W56: =$AF56-($AF56-$V56)*(9/10) -> 6427.9 | X56: =$AF56-($AF56-$V56)*(8/10) -> 6373.8 | Y56: =$AF56-($AF56-$V56)*(7/10) -> 6319.7 | Z56: =$AF56-($AF56-$V56)*(6/10) -> 6265.6 | AA56: =$AF56-($AF56-$V56)*(5/10) -> 6211.5 | AB56: =$AF56-($AF56-$V56)*(4/10) -> 6157.4 | AC56: =$AF56-($AF56-$V56)*(3/10) -> 6103.3 | AD56: =$AF56-($AF56-$V56)*(2/10) -> 6049.2 | AE56: =$AF56-($AF56-$V56)*(1/10) -> 5995.1 | AF56: 5941 | AG56: =$AP56-($AP56-$AF56)*(9/10) -> 5912.1 | AH56: =$AP56-($AP56-$AF56)*(8/10) -> 5883.2 | AI56: =$AP56-($AP56-$AF56)*(7/10) -> 5854.3 | AJ56: =$AP56-($AP56-$AF56)*(6/10) -> 5825.4 | AK56: =$AP56-($AP56-$AF56)*(5/10) -> 5796.5 | AL56: =$AP56-($AP56-$AF56)*(4/10) -> 5767.6 | AM56: =$AP56-($AP56-$AF56)*(3/10) -> 5738.7 | AN56: =$AP56-($AP56-$AF56)*(2/10) -> 5709.8 | AO56: =$AP56-($AP56-$AF56)*(1/10) -> 5680.9 | AP56: 5652 | AQ56: =AP56*(1+((AP56/AO56)-1)) -> 5623.247 | AR56: =AQ56*(1+((AQ56/AP56)-1)) -> 5594.6403 | AS56: =AR56*(1+((AR56/AQ56)-1)) -> 5566.1791 | AT56: =AS56*(1+((AS56/AR56)-1)) -> 5537.8627 | AU56: =AT56*(1+((AT56/AS56)-1)) -> 5509.6904 | AV56: =AU56*(1+((AU56/AT56)-1)) -> 5481.6614 | AW56: =AV56*(1+((AV56/AU56)-1)) -> 5453.775 | AX56: =AW56*(1+((AW56/AV56)-1)) -> 5426.0304 | AY56: =AX56*(1+((AX56/AW56)-1)) -> 5398.427
A57: Wanganui | B57: 38174 | C57: =$L57-($L57-$B57)*(9/10) -> 38324.5 | D57: =$L57-($L57-$B57)*(8/10) -> 38475 | E57: =$L57-($L57-$B57)*(7/10) -> 38625.5 | F57: =$L57-($L57-$B57)*(6/10) -> 38776 | G57: =$L57-($L57-$B57)*(5/10) -> 38926.5 | H57: =$L57-($L57-$B57)*(4/10) -> 39077 | I57: =$L57-($L57-$B57)*(3/10) -> 39227.5 | J57: =$L57-($L57-$B57)*(2/10) -> 39378 | K57: =$L57-($L57-$B57)*(1/10) -> 39528.5 | L57: 39679 | M57: =$V57-($V57-$L57)*(9/10) -> 39786.9 | N57: =$V57-($V57-$L57)*(8/10) -> 39894.8 | O57: =$V57-($V57-$L57)*(7/10) -> 40002.7 | P57: =$V57-($V57-$L57)*(6/10) -> 40110.6 | Q57: =$V57-($V57-$L57)*(5/10) -> 40218.5 | R57: =$V57-($V57-$L57)*(4/10) -> 40326.4 | S57: =$V57-($V57-$L57)*(3/10) -> 40434.3 | T57: =$V57-($V57-$L57)*(2/10) -> 40542.2 | U57: =$V57-($V57-$L57)*(1/10) -> 40650.1 | V57: 40758 | W57: =$AF57-($AF57-$V57)*(9/10) -> 40814.2 | X57: =$AF57-($AF57-$V57)*(8/10) -> 40870.4 | Y57: =$AF57-($AF57-$V57)*(7/10) -> 40926.6 | Z57: =$AF57-($AF57-$V57)*(6/10) -> 40982.8 | AA57: =$AF57-($AF57-$V57)*(5/10) -> 41039 | AB57: =$AF57-($AF57-$V57)*(4/10) -> 41095.2 | AC57: =$AF57-($AF57-$V57)*(3/10) -> 41151.4 | AD57: =$AF57-($AF57-$V57)*(2/10) -> 41207.6 | AE57: =$AF57-($AF57-$V57)*(1/10) -> 41263.8 | AF57: 41320 | AG57: =$AP57-($AP57-$AF57)*(9/10) -> 41086.8 | AH57: =$AP57-($AP57-$AF57)*(8/10) -> 40853.6 | AI57: =$AP57-($AP57-$AF57)*(7/10) -> 40620.4 | AJ57: =$AP57-($AP57-$AF57)*(6/10) -> 40387.2 | AK57: =$AP57-($AP57-$AF57)*(5/10) -> 40154 | AL57: =$AP57-($AP57-$AF57)*(4/10) -> 39920.8 | AM57: =$AP57-($AP57-$AF57)*(3/10) -> 39687.6 | AN57: =$AP57-($AP57-$AF57)*(2/10) -> 39454.4 | AO57: =$AP57-($AP57-$AF57)*(1/10) -> 39221.2 | AP57: 38988 | AQ57: =AP57*(1+((AP57/AO57)-1)) -> 38756.187 | AR57: =AQ57*(1+((AQ57/AP57)-1)) -> 38525.751 | AS57: =AR57*(1+((AR57/AQ57)-1)) -> 38296.686 | AT57: =AS57*(1+((AS57/AR57)-1)) -> 38068.983 | AU57: =AT57*(1+((AT57/AS57)-1)) -> 37842.634 | AV57: =AU57*(1+((AU57/AT57)-1)) -> 37617.631 | AW57: =AV57*(1+((AV57/AU57)-1)) -> 37393.965 | AX57: =AW57*(1+((AW57/AV57)-1)) -> 37171.63 | AY57: =AX57*(1+((AX57/AW57)-1)) -> 36950.616
A58: Wellington | B58: 282487 | C58: =$L58-($L58-$B58)*(9/10) -> 286979.7 | D58: =$L58-($L58-$B58)*(8/10) -> 291472.4 | E58: =$L58-($L58-$B58)*(7/10) -> 295965.1 | F58: =$L58-($L58-$B58)*(6/10) -> 300457.8 | G58: =$L58-($L58-$B58)*(5/10) -> 304950.5 | H58: =$L58-($L58-$B58)*(4/10) -> 309443.2 | I58: =$L58-($L58-$B58)*(3/10) -> 313935.9 | J58: =$L58-($L58-$B58)*(2/10) -> 318428.6 | K58: =$L58-($L58-$B58)*(1/10) -> 322921.3 | L58: 327414 | M58: =$V58-($V58-$L58)*(9/10) -> 327242.3 | N58: =$V58-($V58-$L58)*(8/10) -> 327070.6 | O58: =$V58-($V58-$L58)*(7/10) -> 326898.9 | P58: =$V58-($V58-$L58)*(6/10) -> 326727.2 | Q58: =$V58-($V58-$L58)*(5/10) -> 326555.5 | R58: =$V58-($V58-$L58)*(4/10) -> 326383.8 | S58: =$V58-($V58-$L58)*(3/10) -> 326212.1 | T58: =$V58-($V58-$L58)*(2/10) -> 326040.4 | U58: =$V58-($V58-$L58)*(1/10) -> 325868.7 | V58: 325697 | W58: =$AF58-($AF58-$V58)*(9/10) -> 326674.1 | X58: =$AF58-($AF58-$V58)*(8/10) -> 327651.2 | Y58: =$AF58-($AF58-$V58)*(7/10) -> 328628.3 | Z58: =$AF58-($AF58-$V58)*(6/10) -> 329605.4 | AA58: =$AF58-($AF58-$V58)*(5/10) -> 330582.5 | AB58: =$AF58-($AF58-$V58)*(4/10) -> 331559.6 | AC58: =$AF58-($AF58-$V58)*(3/10) -> 332536.7 | AD58: =$AF58-($AF58-$V58)*(2/10) -> 333513.8 | AE58: =$AF58-($AF58-$V58)*(1/10) -> 334490.9 | AF58: 335468 | AG58: =$AP58-($AP58-$AF58)*(9/10) -> 337983.6 | AH58: =$AP58-($AP58-$AF58)*(8/10) -> 340499.2 | AI58: =$AP58-($AP58-$AF58)*(7/10) -> 343014.8 | AJ58: =$AP58-($AP58-$AF58)*(6/10) -> 345530.4 | AK58: =$AP58-($AP58-$AF58)*(5/10) -> 348046 | AL58: =$AP58-($AP58-$AF58)*(4/10) -> 350561.6 | AM58: =$AP58-($AP58-$AF58)*(3/10) -> 353077.2 | AN58: =$AP58-($AP58-$AF58)*(2/10) -> 355592.8 | AO58: =$AP58-($AP58-$AF58)*(1/10) -> 358108.4 | AP58: 360624 | AQ58: =AP58*(1+((AP58/AO58)-1)) -> 363157.27 | AR58: =AQ58*(1+((AQ58/AP58)-1)) -> 365708.34 | AS58: =AR58*(1+((AR58/AQ58)-1)) -> 368277.33 | AT58: =AS58*(1+((AS58/AR58)-1)) -> 370864.36 | AU58: =AT58*(1+((AT58/AS58)-1)) -> 373469.57 | AV58: =AU58*(1+((AU58/AT58)-1)) -> 376093.07 | AW58: =AV58*(1+((AV58/AU58)-1)) -> 378735.01 | AX58: =AW58*(1+((AW58/AV58)-1)) -> 381395.51 | AY58: =AX58*(1+((AX58/AW58)-1)) -> 384074.69
A59: Westport | B59: 5271 | C59: =$L59-($L59-$B59)*(9/10) -> 5242.7 | D59: =$L59-($L59-$B59)*(8/10) -> 5214.4 | E59: =$L59-($L59-$B59)*(7/10) -> 5186.1 | F59: =$L59-($L59-$B59)*(6/10) -> 5157.8 | G59: =$L59-($L59-$B59)*(5/10) -> 5129.5 | H59: =$L59-($L59-$B59)*(4/10) -> 5101.2 | I59: =$L59-($L59-$B59)*(3/10) -> 5072.9 | J59: =$L59-($L59-$B59)*(2/10) -> 5044.6 | K59: =$L59-($L59-$B59)*(1/10) -> 5016.3 | L59: 4988 | M59: =$V59-($V59-$L59)*(9/10) -> 4955.2 | N59: =$V59-($V59-$L59)*(8/10) -> 4922.4 | O59: =$V59-($V59-$L59)*(7/10) -> 4889.6 | P59: =$V59-($V59-$L59)*(6/10) -> 4856.8 | Q59: =$V59-($V59-$L59)*(5/10) -> 4824 | R59: =$V59-($V59-$L59)*(4/10) -> 4791.2 | S59: =$V59-($V59-$L59)*(3/10) -> 4758.4 | T59: =$V59-($V59-$L59)*(2/10) -> 4725.6 | U59: =$V59-($V59-$L59)*(1/10) -> 4692.8 | V59: 4660 | W59: =$AF59-($AF59-$V59)*(9/10) -> 4638.1 | X59: =$AF59-($AF59-$V59)*(8/10) -> 4616.2 | Y59: =$AF59-($AF59-$V59)*(7/10) -> 4594.3 | Z59: =$AF59-($AF59-$V59)*(6/10) -> 4572.4 | AA59: =$AF59-($AF59-$V59)*(5/10) -> 4550.5 | AB59: =$AF59-($AF59-$V59)*(4/10) -> 4528.6 | AC59: =$AF59-($AF59-$V59)*(3/10) -> 4506.7 | AD59: =$AF59-($AF59-$V59)*(2/10) -> 4484.8 | AE59: =$AF59-($AF59-$V59)*(1/10) -> 4462.9 | AF59: 4441 | AG59: =$AP59-($AP59-$AF59)*(9/10) -> 4402.2 | AH59: =$AP59-($AP59-$AF59)*(8/10) -> 4363.4 | AI59: =$AP59-($AP59-$AF59)*(7/10) -> 4324.6 | AJ59: =$AP59-($AP59-$AF59)*(6/10) -> 4285.8 | AK59: =$AP59-($AP59-$AF59)*(5/10) -> 4247 | AL59: =$AP59-($AP59-$AF59)*(4/10) -> 4208.2 | AM59: =$AP59-($AP59-$AF59)*(3/10) -> 4169.4 | AN59: =$AP59-($AP59-$AF59)*(2/10) -> 4130.6 | AO59: =$AP59-($AP59-$AF59)*(1/10) -> 4091.8 | AP59: 4053 | AQ59: =AP59*(1+((AP59/AO59)-1)) -> 4014.5679 | AR59: =AQ59*(1+((AQ59/AP59)-1)) -> 3976.5003 | AS59: =AR59*(1+((AR59/AQ59)-1)) -> 3938.7936 | AT59: =AS59*(1+((AS59/AR59)-1)) -> 3901.4444 | AU59: =AT59*(1+((AT59/AS59)-1)) -> 3864.4495 | AV59: =AU59*(1+((AU59/AT59)-1)) -> 3827.8053 | AW59: =AV59*(1+((AV59/AU59)-1)) -> 3791.5086 | AX59: =AW59*(1+((AW59/AV59)-1)) -> 3755.5561 | AY59: =AX59*(1+((AX59/AW59)-1)) -> 3719.9445
A60: Whakatane | B60: 8637 | C60: =$L60-($L60-$B60)*(9/10) -> 8927.5 | D60: =$L60-($L60-$B60)*(8/10) -> 9218 | E60: =$L60-($L60-$B60)*(7/10) -> 9508.5 | F60: =$L60-($L60-$B60)*(6/10) -> 9799 | G60: =$L60-($L60-$B60)*(5/10) -> 10089.5 | H60: =$L60-($L60-$B60)*(4/10) -> 10380 | I60: =$L60-($L60-$B60)*(3/10) -> 10670.5 | J60: =$L60-($L60-$B60)*(2/10) -> 10961 | K60: =$L60-($L60-$B60)*(1/10) -> 11251.5 | L60: 11542 | M60: =$V60-($V60-$L60)*(9/10) -> 11983.2 | N60: =$V60-($V60-$L60)*(8/10) -> 12424.4 | O60: =$V60-($V60-$L60)*(7/10) -> 12865.6 | P60: =$V60-($V60-$L60)*(6/10) -> 13306.8 | Q60: =$V60-($V60-$L60)*(5/10) -> 13748 | R60: =$V60-($V60-$L60)*(4/10) -> 14189.2 | S60: =$V60-($V60-$L60)*(3/10) -> 14630.4 | T60: =$V60-($V60-$L60)*(2/10) -> 15071.6 | U60: =$V60-($V60-$L60)*(1/10) -> 15512.8 | V60: 15954 | W60: =$AF60-($AF60-$V60)*(9/10) -> 16053.1 | X60: =$AF60-($AF60-$V60)*(8/10) -> 16152.2 | Y60: =$AF60-($AF60-$V60)*(7/10) -> 16251.3 | Z60: =$AF60-($AF60-$V60)*(6/10) -> 16350.4 | AA60: =$AF60-($AF60-$V60)*(5/10) -> 16449.5 | AB60: =$AF60-($AF60-$V60)*(4/10) -> 16548.6 | AC60: =$AF60-($AF60-$V60)*(3/10) -> 16647.7 | AD60: =$AF60-($AF60-$V60)*(2/10) -> 16746.8 | AE60: =$AF60-($AF60-$V60)*(1/10) -> 16845.9 | AF60: 16945 | AG60: =$AP60-($AP60-$AF60)*(9/10) -> 17005.9 | AH60: =$AP60-($AP60-$AF60)*(8/10) -> 17066.8 | AI60: =$AP60-($AP60-$AF60)*(7/10) -> 17127.7 | AJ60: =$AP60-($AP60-$AF60)*(6/10) -> 17188.6 | AK60: =$AP60-($AP60-$AF60)*(5/10) -> 17249.5 | AL60: =$AP60-($AP60-$AF60)*(4/10) -> 17310.4 | AM60: =$AP60-($AP60-$AF60)*(3/10) -> 17371.3 | AN60: =$AP60-($AP60-$AF60)*(2/10) -> 17432.2 | AO60: =$AP60-($AP60-$AF60)*(1/10) -> 17493.1 | AP60: 17554 | AQ60: =AP60*(1+((AP60/AO60)-1)) -> 17615.112 | AR60: =AQ60*(1+((AQ60/AP60)-1)) -> 17676.437 | AS60: =AR60*(1+((AR60/AQ60)-1)) -> 17737.975 | AT60: =AS60*(1+((AS60/AR60)-1)) -> 17799.728 | AU60: =AT60*(1+((AT60/AS60)-1)) -> 17861.695 | AV60: =AU60*(1+((AU60/AT60)-1)) -> 17923.878 | AW60: =AV60*(1+((AV60/AU60)-1)) -> 17986.278 | AX60: =AW60*(1+((AW60/AV60)-1)) -> 18048.895 | AY60: =AX60*(1+((AX60/AW60)-1)) -> 18111.73
A61: Whangarei | B61: 29503 | C61: =$L61-($L61-$B61)*(9/10) -> 30459.6 | D61: =$L61-($L61-$B61)*(8/10) -> 31416.2 | E61: =$L61-($L61-$B61)*(7/10) -> 32372.8 | F61: =$L61-($L61-$B61)*(6/10) -> 33329.4 | G61: =$L61-($L61-$B61)*(5/10) -> 34286 | H61: =$L61-($L61-$B61)*(4/10) -> 35242.6 | I61: =$L61-($L61-$B61)*(3/10) -> 36199.2 | J61: =$L61-($L61-$B61)*(2/10) -> 37155.8 | K61: =$L61-($L61-$B61)*(1/10) -> 38112.4 | L61: 39069 | M61: =$V61-($V61-$L61)*(9/10) -> 39566.4 | N61: =$V61-($V61-$L61)*(8/10) -> 40063.8 | O61: =$V61-($V61-$L61)*(7/10) -> 40561.2 | P61: =$V61-($V61-$L61)*(6/10) -> 41058.6 | Q61: =$V61-($V61-$L61)*(5/10) -> 41556 | R61: =$V61-($V61-$L61)*(4/10) -> 42053.4 | S61: =$V61-($V61-$L61)*(3/10) -> 42550.8 | T61: =$V61-($V61-$L61)*(2/10) -> 43048.2 | U61: =$V61-($V61-$L61)*(1/10) -> 43545.6 | V61: 44043 | W61: =$AF61-($AF61-$V61)*(9/10) -> 44217.2 | X61: =$AF61-($AF61-$V61)*(8/10) -> 44391.4 | Y61: =$AF61-($AF61-$V61)*(7/10) -> 44565.6 | Z61: =$AF61-($AF61-$V61)*(6/10) -> 44739.8 | AA61: =$AF61-($AF61-$V61)*(5/10) -> 44914 | AB61: =$AF61-($AF61-$V61)*(4/10) -> 45088.2 | AC61: =$AF61-($AF61-$V61)*(3/10) -> 45262.4 | AD61: =$AF61-($AF61-$V61)*(2/10) -> 45436.6 | AE61: =$AF61-($AF61-$V61)*(1/10) -> 45610.8 | AF61: 45785 | AG61: =$AP61-($AP61-$AF61)*(9/10) -> 46114.5 | AH61: =$AP61-($AP61-$AF61)*(8/10) -> 46444 | AI61: =$AP61-($AP61-$AF61)*(7/10) -> 46773.5 | AJ61: =$AP61-($AP61-$AF61)*(6/10) -> 47103 | AK61: =$AP61-($AP61-$AF61)*(5/10) -> 47432.5 | AL61: =$AP61-($AP61-$AF61)*(4/10) -> 47762 | AM61: =$AP61-($AP61-$AF61)*(3/10) -> 48091.5 | AN61: =$AP61-($AP61-$AF61)*(2/10) -> 48421 | AO61: =$AP61-($AP61-$AF61)*(1/10) -> 48750.5 | AP61: 49080 | AQ61: =AP61*(1+((AP61/AO61)-1)) -> 49411.727 | AR61: =AQ61*(1+((AQ61/AP61)-1)) -> 49745.696 | AS61: =AR61*(1+((AR61/AQ61)-1)) -> 50081.923 | AT61: =AS61*(1+((AS61/AR61)-1)) -> 50420.422 | AU61: =AT61*(1+((AT61/AS61)-1)) -> 50761.208 | AV61: =AU61*(1+((AU61/AT61)-1)) -> 51104.299 | AW61: =AV61*(1+((AV61/AU61)-1)) -> 51449.708 | AX61: =AW61*(1+((AW61/AV61)-1)) -> 51797.451 | AY61: =AX61*(1+((AX61/AW61)-1)) -> 52147.546
A62: Nationwide | B62: 2667090 | C62: 2702680 | D62: 2774360 | E62: 2774360 | F62: 2818390 | G62: 2870820 | H62: 2929690 | I62: 2989410 | J62: =3042180 -> 3042180 | K62: =3082620 -> 3082620 | L62: =3108.57*1000 -> 3108570 | M62: =3122.41*1000 -> 3122410 | N62: =3128.96*1000 -> 3128960 | O62: =3135.3*1000 -> 3135300 | P62: =3146.61*1000 -> 3146610 | Q62: =3164.82*1000 -> 3164820 | R62: =3188.54*1000 -> 3188540 | S62: =3215.73*1000 -> 3215730 | T62: =3243.03*1000 -> 3243030 | U62: =3268.23*1000 -> 3268230 | V62: =3290.3*1000 -> 3290300 | W62: =331.75*1000 -> 331750 | X62: =3332.79*1000 -> 3332790 | Y62: =3360.96*1000 -> 3360960 | Z62: =3398.18*1000 -> 3398180 | AA62: =3446.17*1000 -> 3446170 | AB62: =3503.19*1000 -> 3503190 | AC62: =3564.47*1000 -> 3564470 | AD62: =3623.27*1000 -> 3623270 | AE62: =3674.94*1000 -> 3674940 | AF62: =3717.35*1000 -> 3717350 | AG62: =3752.36*1000 -> 3752360 | AH62: =3783.98*1000 -> 3783980 | AI62: =3818.13*1000 -> 3818130 | AJ62: =3858.99*1000 -> 3858990 | AK62: =3907.94*1000 -> 3907940 | AL62: =3963.2*1000 -> 3963200 | AM62: =4022.07*1000 -> 4022070 | AN62: =4080.42*1000 -> 4080420 | AO62: =4135.35*1000 -> 4135350 | AP62: =4185.88*1000 -> 4185880 | AQ62: =4233.05*1000 -> 4233050 | AR62: =4278.16*1000 -> 4278160 | AS62: =4323.34*1000 -> 4323340 | AT62: =4370.06*1000 -> 4370060 | AU62: =4418.67*1000 -> 4418670 | AV62: =4468.46*1000 -> 4468460 | AW62: =4518.52*1000 -> 4518520 | AX62: =4567.52*1000 -> 4567520 | AY62: =4614.53*1000 -> 4614530
